Company Name,Link
SABA,https://wuzzuf.net/jobs/careers/SABA-Egypt-32300
Ejada ,https://wuzzuf.net/jobs/careers/Ejada--Cairo--Egypt-9273
Sarmady,https://wuzzuf.net/jobs/careers/Sarmady-57
Heineken,https://wuzzuf.net/jobs/careers/Heineken-Egypt-94737
Giza Arabia Systems,https://wuzzuf.net/jobs/careers/Giza Arabia Systems-Egypt-91406
Union Coop,https://wuzzuf.net/jobs/careers/U-Egypt-36354
Algoriza,https://wuzzuf.net/jobs/careers/Algoriza-Egypt-58919
Azdan Business Analytics,https://wuzzuf.net/jobs/careers/Azdan-Business-Analytics-Egypt-28996
BI-Technologies,https://wuzzuf.net/jobs/careers/BI-Technologies-Egypt-14526
ICIS,https://wuzzuf.net/jobs/careers/ICIS-Saudi-Arabia-36620
Perfect Presentation,https://wuzzuf.net/jobs/careers/PERFECT-PRESENTAION-Egypt-10124
Nacita,https://wuzzuf.net/jobs/careers/Nacita-Egypt-22041
Trufla,https://wuzzuf.net/jobs/careers/Trufla-Egypt-17331
Samcrete Engineers & contractors,https://wuzzuf.net/jobs/careers/Samcrete-Egypt-74991
Osolutions,https://wuzzuf.net/jobs/careers/ask-sev-Egypt-34672
Victory Link,https://wuzzuf.net/jobs/careers/Victory-Link-Egypt-5033
Netcompay- Intrasoft,https://wuzzuf.net/jobs/careers/Netcompay- Intrasoft-Jordan-95895
Smart Cards application,https://wuzzuf.net/jobs/careers/smart-cards-application-Egypt-60845
CrossWorkers,https://wuzzuf.net/jobs/careers/Cross-Workers-Egypt-3401
Sceel.io,https://wuzzuf.net/jobs/careers/sceel-Egypt-73908
CyberX,https://wuzzuf.net/jobs/careers/CyberX-Egypt-95591
World Food Program - Other locations,https://wuzzuf.net/jobs/careers/World Food Program - Other locations-Egypt-92536
Expert Apps,https://wuzzuf.net/jobs/careers/Expert-Apps-Egypt-50784
FinBi Finance & Banking Consultants International,https://wuzzuf.net/jobs/careers/FinBi-Finance--amp--Banking-Consultants-International-Egypt-26845
Our Education,https://wuzzuf.net/jobs/careers/Our-edu-Egypt-51211
Bevatel,https://wuzzuf.net/jobs/careers/Bavaya-Egypt-40591
Aswaq,https://wuzzuf.net/jobs/careers/Aswaq-Egypt-94925
Nahr Development,https://wuzzuf.net/jobs/careers/Nahr-Development-Egypt-20713
EGID company,https://wuzzuf.net/jobs/careers/AGTI-company-Egypt-45817
Al-Meshka,https://wuzzuf.net/jobs/careers/Almeshka-Egypt-66878
International Advanced ,https://wuzzuf.net/jobs/careers/International-Advanced-Egypt-58336
waffarha.com,https://wuzzuf.net/jobs/careers/waffarha-com-Egypt-3723
TREX,https://wuzzuf.net/jobs/careers/TREX-Egypt-95527
BSmart,https://wuzzuf.net/jobs/careers/BSmart-Saudi-Arabia-66898
Arabian Advanced Systems,https://wuzzuf.net/jobs/careers/Arabian-Advanced-Systems-Egypt-4431
eT3 - Tomorrow Information Technology,https://wuzzuf.net/jobs/careers/eT3---Tomorrow-Information-Technology-Egypt-5525
AK IT Consulting,https://wuzzuf.net/jobs/careers/Erp-Buddy-Egypt-59472
Nile University,https://wuzzuf.net/jobs/careers/Nile-University-Egypt-30674
Dexef,https://wuzzuf.net/jobs/careers/Dexef-Egypt-37590
Casita,https://wuzzuf.net/jobs/careers/Casita-Egypt-47449
Noases,https://wuzzuf.net/jobs/careers/parmagyat-Egypt-93597
FinTech Collective,https://wuzzuf.net/jobs/careers/FinTech Collective-Egypt-94697
Antal International - Egypt,https://wuzzuf.net/jobs/careers/Antal International - Egypt-Egypt-91877
CodeCooks,https://wuzzuf.net/jobs/careers/CodeCooks-Egypt-95797
Tie House,https://wuzzuf.net/jobs/careers/Tie-House-Egypt-20112
Edentech,https://wuzzuf.net/jobs/careers/Edentech-Egypt-78060
IBM WTC Egypt,https://wuzzuf.net/jobs/careers/IBM WTC Egypt-Egypt-91690
IQRA Network,https://wuzzuf.net/jobs/careers/IQRA-Network-United-States-54585
Engosoft,https://wuzzuf.net/jobs/careers/Engosoft-Egypt-57983
CRE Venture Capital,https://wuzzuf.net/jobs/careers/CRE Venture Capital-Egypt-94710
Oracle - Egypt,https://wuzzuf.net/jobs/careers/Oracle - Egypt-Kuwait-91776
Elev8Assessments,https://wuzzuf.net/jobs/careers/Elev8Assessments-Egypt-83482
Horizon Agency,https://wuzzuf.net/jobs/careers/horizonmediaeg-Egypt-21114
Carpet Land,https://wuzzuf.net/jobs/careers/Carpet-Land-Egypt-95542
Link Datacenter,https://wuzzuf.net/jobs/careers/Link-Datacenter-Egypt-23208
GET Group- Egypt,https://wuzzuf.net/jobs/careers/GET-Group--Egypt-Egypt-3132
Al Ahly Momkn for e-payment,https://wuzzuf.net/jobs/careers/Al-Ahly-Momkn-for-e-payment-Egypt-70281
Charisma Design,https://wuzzuf.net/jobs/careers/Charisma-Design-Egypt-41338
Premier Services and Recruitment,https://wuzzuf.net/jobs/careers/Premier-Services-and-Recruitment-Egypt-9418
LABS,https://wuzzuf.net/jobs/careers/LABS-Egypt-36615
DXC.technology,https://wuzzuf.net/jobs/careers/DXC.technology-Saudi Arabia-91492
Decorative Glass And Arab Union Glass Group,https://wuzzuf.net/jobs/careers/Arab-Union-Glass-Factory-Egypt-59231
IST Networks,https://wuzzuf.net/jobs/careers/IST-Networks-Egypt-57432
Anzma tech,https://wuzzuf.net/jobs/careers/Anzma-tech-Egypt-45359
Superior Business Solutions,https://wuzzuf.net/jobs/careers/Superior-Business-Solutions-United-Arab-Emirates-19788
DX Republic,https://wuzzuf.net/jobs/careers/-85330
As-Salam International Hospital,https://wuzzuf.net/jobs/careers/As-Salam-International-Hospital-Egypt-11392
Dynamicslink,https://wuzzuf.net/jobs/careers/Dynamicslink-Egypt-21303
Centione,https://wuzzuf.net/jobs/careers/Centione-Egypt-17177
Finiex Soft ,https://wuzzuf.net/jobs/careers/FAAINEX-Saudi Arabia-94360
ITS ,https://wuzzuf.net/jobs/careers/ITS-Egypt-29055
Dorra Group,https://wuzzuf.net/jobs/careers/Dorra-Group-Egypt-20151
Outservingplus,https://wuzzuf.net/jobs/careers/Outservingplus-Egypt-75652
Nahdet Misr Publishing Group,https://wuzzuf.net/jobs/careers/Nahdet-Misr-Publishing-Group-Egypt-1272
Jumia,https://wuzzuf.net/jobs/careers/Jumia-Egypt-2019
"White House Nannies, Inc.","https://wuzzuf.net/jobs/careers/White House Nannies, Inc.-Egypt-95344"
Qsource,https://wuzzuf.net/jobs/careers/Qsource-Egypt-5561
Mubasher,https://wuzzuf.net/jobs/careers/Mubasher-Egypt-1737
Al Ahly capital holding - Al Ahly Tamkeen,https://wuzzuf.net/jobs/careers/Al-Ahly-capital-holding---Al-Ahly-Tamkeen-Egypt-63503
"Halliburton Energy Services, Inc.","https://wuzzuf.net/jobs/careers/Halliburton Energy Services, Inc.-Egypt-95343"
MICA,https://wuzzuf.net/jobs/careers/MICA-Egypt-36968
Kode Clubs - Hassan Allam Sports Clubs,https://wuzzuf.net/jobs/careers/Kode-Clubs-Egypt-94551
HITS Solutions,https://wuzzuf.net/jobs/careers/HITS-Solutions-Egypt-3358
9H Capital ,https://wuzzuf.net/jobs/careers/9H Capital-Egypt-86790
Alouf Travel,https://wuzzuf.net/jobs/careers/Alouf-Travel-Egypt-58360
InnovaDigits,https://wuzzuf.net/jobs/careers/Innovadigits-Egypt-82835
Rawaj-HCM,https://wuzzuf.net/jobs/careers/Rawaj-co--recruitment-Egypt-28386
DIRAC SYSTEMS,https://wuzzuf.net/jobs/careers/DIRAC-SYSTEMS-Egypt-6923
3S Software,https://wuzzuf.net/jobs/careers/3S-Software-Egypt-14128
Ahmed El-Sallab,https://wuzzuf.net/jobs/careers/Elsallab-Group-Egypt-8557
Nahdetmisr For Environmental services,https://wuzzuf.net/jobs/careers/Nahdetmisr For Environmental services-Egypt-95689
shaheen communication data systems ,https://wuzzuf.net/jobs/careers/confidential-Egypt-85760
Global Brands,https://wuzzuf.net/jobs/careers/gbrands-com-555
SYSTRA,https://wuzzuf.net/jobs/careers/SYSTRA-United-Arab-Emirates-23269
Amazon MENA,https://wuzzuf.net/jobs/careers/Amazon MENA-United Arab Emirates-91371
Enwan Developments,https://wuzzuf.net/jobs/careers/Enwan developments-Egypt-95663
Dafa,https://wuzzuf.net/jobs/careers/Tarseya-Egypt-76749
Mazar construction ,https://wuzzuf.net/jobs/careers/Mazar construction-Egypt-95168
Viavi Solutions,https://wuzzuf.net/jobs/careers/Viavi-Solutions-Egypt-67182
TRIMETIS,https://wuzzuf.net/jobs/careers/TRIMETIS-Egypt-77031
Exacall,https://wuzzuf.net/jobs/careers/Exacall-Egypt-95665
"Honeywell International, Inc.","https://wuzzuf.net/jobs/careers/Honeywell International, Inc.-United Arab Emirates-94736"
Pure Group ,https://wuzzuf.net/jobs/careers/Pure Group-Egypt-94604
EELU,https://wuzzuf.net/jobs/careers/eelu-Egypt-52613
Logistica,https://wuzzuf.net/jobs/careers/Logistica-Egypt-16461
Estafsar,https://wuzzuf.net/jobs/careers/Estafsar-Egypt-57612
Xceed Contact Center,https://wuzzuf.net/jobs/careers/XCEEDCC-Egypt-52679
FlairsTech,https://wuzzuf.net/jobs/careers/Flairstech-Egypt-1631
Etisalat Egypt,https://wuzzuf.net/jobs/careers/Etisalat-Misr-Egypt-4219
United Group For Engineering And Investment,https://wuzzuf.net/jobs/careers/United-Group-For-Engineering-And-Investment-Egypt-18023
Ultimate Academy,https://wuzzuf.net/jobs/careers/Ultimate Academy-Egypt-95649
WSC,https://wuzzuf.net/jobs/careers/WSC-Egypt-87343
ثقة الانجاز,https://wuzzuf.net/jobs/careers/ثقة-الانجاز-Egypt-95233
Spark Systems,https://wuzzuf.net/jobs/careers/Spark-Systems-Egypt-1607
El-Sewedy Electrometer,https://wuzzuf.net/jobs/careers/El-Sewedy-Electrometer-Egypt-23922
Softec Technologies,https://wuzzuf.net/jobs/careers/Softec-international-Egypt-8897
qTech. ,https://wuzzuf.net/jobs/careers/Alqemam-For-Programming-Egypt-3545
AGG information technology,https://wuzzuf.net/jobs/careers/-89831
3D Diagnostix,https://wuzzuf.net/jobs/careers/3D-Diagnostix-Egypt-3761
Art Link,https://wuzzuf.net/jobs/careers/Art-Link-Egypt-40308
El Sewedy Education - The Knowledge Hub Universities,https://wuzzuf.net/jobs/careers/El-Sewedy-Education-Egypt-30386
El Alsson British & American International School,https://wuzzuf.net/jobs/careers/IH-14644
Schneider Electric - Egypt,https://wuzzuf.net/jobs/careers/Schneider Electric - Egypt-Egypt-91590
classera,https://wuzzuf.net/jobs/careers/Eureka-Egypt-27241
Agolo Egypt,https://wuzzuf.net/jobs/careers/Agolo Egypt-Egypt-79417
Premium Card,https://wuzzuf.net/jobs/careers/Premium-Card-Egypt-766
Infotech,https://wuzzuf.net/jobs/careers/Infotech-Egypt-11641
 Roaya,https://wuzzuf.net/jobs/careers/Roaya-Electronic-Egypt-22686
Lychee Fruit Bar,https://wuzzuf.net/jobs/careers/Lychee-Fruit-Bar-Egypt-68204
Mazaya,https://wuzzuf.net/jobs/careers/Mazaya-Egypt-16975
GS - GEO Solutions ,https://wuzzuf.net/jobs/careers/GS - GEO Solutions-Egypt-77026
Arabic Localizer,https://wuzzuf.net/jobs/careers/Arabic-Localizer-Egypt-2790
hyperone,https://wuzzuf.net/jobs/careers/hyperone-Egypt-95593
K Line Europe,https://wuzzuf.net/jobs/careers/-92966
TTC Technologies,https://wuzzuf.net/jobs/careers/TTC-Technologies-Egypt-20890
Injaz Tech for advanced systems,https://wuzzuf.net/jobs/careers/Injaz-Tech-for-advanced-systems-Egypt-63646
SE Wiring Systems EGYPT,https://wuzzuf.net/jobs/careers/SE-Wiring-Systems-EGYPT-Egypt-23300
ElMotaheda Web ,https://wuzzuf.net/jobs/careers/ElMotaheda-Web--Egypt-17527
Johnson & Johnson,https://wuzzuf.net/jobs/careers/Johnson & Johnson-United Arab Emirates-93154
Cryptostart,https://wuzzuf.net/jobs/careers/Cryptostart-United Arab Emirates-95439
Egabi FSI,https://wuzzuf.net/jobs/careers/egabi-solution-Egypt-2056
SMARTTEL,https://wuzzuf.net/jobs/careers/SMARTTEL-Egypt-46874
Rashideen Egypt for Trade ,https://wuzzuf.net/jobs/careers/Rashideen-Egypt-for-Trade-Egypt-34677
intrazero,https://wuzzuf.net/jobs/careers/intrazero-Egypt-34477
TEPCO S.A.E.,https://wuzzuf.net/jobs/careers/TEPCO-S-A-E--Egypt-5396
Jumia Technologies AG,https://wuzzuf.net/jobs/careers/Jumia Technologies AG-Egypt-94950
Expleo,https://wuzzuf.net/jobs/careers/SQS-Egypt-Egypt-2422
LINK TSP,https://wuzzuf.net/jobs/careers/LINK-TSP-Egypt-86185
EAST ,https://wuzzuf.net/jobs/careers/EAST-Egypt-14673
Gest For Metals ,https://wuzzuf.net/jobs/careers/Gest-For-Metals-Egypt-18352
Smartverse,https://wuzzuf.net/jobs/careers/Smart-Group-Egypt-36642
LxT,https://wuzzuf.net/jobs/careers/Linguistix-tank-Egypt-44200
Greenway,https://wuzzuf.net/jobs/careers/Greenway-Egypt-74242
Basata,https://wuzzuf.net/jobs/careers/Masary-Egypt-11058
Azm development,https://wuzzuf.net/jobs/careers/MTS-Egypt-9092
OdooTec,https://wuzzuf.net/jobs/careers/OdooTec-Egypt-57875
GLOBAL AUTO,https://wuzzuf.net/jobs/careers/Bavarian-Auto-Group-Egypt-3200
Fixed Solutions,https://wuzzuf.net/jobs/careers/Fixed-Solutions-Egypt-18523
Holix,https://wuzzuf.net/jobs/careers/EButler-Egypt-51167
Telegeeks LLC,https://wuzzuf.net/jobs/careers/Telegeeks LLC-United States-95493
ECONSTRUCT DESIGN & BUILD Pvt Ltd.,https://wuzzuf.net/jobs/careers/ECONSTRUCT DESIGN & BUILD Pvt Ltd.-Egypt-94725
Midea Group,https://wuzzuf.net/jobs/careers/Midea-Group-Egypt-64266
Zeal Capital Market (Seychelles) Limited,https://wuzzuf.net/jobs/careers/Zeal Capital Market (Seychelles) Limited-Egypt-95453
PILLARS CONSULTANCY & RECRUITMENT,https://wuzzuf.net/jobs/careers/PILLARS CONSULTANCY & RECRUITMENT-Egypt-95309
AFFSQUARE,https://wuzzuf.net/jobs/careers/Affsquare-Egypt-45753
Octane solutions ,https://wuzzuf.net/jobs/careers/Octane-solutions-Egypt-91162
Raya Holding for Financial Investments,https://wuzzuf.net/jobs/careers/Raya Holding for Financial Investments-Egypt-91415
SURE International Technology,https://wuzzuf.net/jobs/careers/SURE-International-Egypt-21250
Egast,https://wuzzuf.net/jobs/careers/Egast-Egypt-30501
Aliaict,https://wuzzuf.net/jobs/careers/aliaict-Egypt-38130
softprograms,https://wuzzuf.net/jobs/careers/softprograms-Egypt-88014
Network International -Egypt,https://wuzzuf.net/jobs/careers/Network-International--Egypt-Egypt-28921
Samaya Electronics Egypt LTD,https://wuzzuf.net/jobs/careers/Samaya-Electronics-Egypt-LTD-Egypt-5770
EEC Group,https://wuzzuf.net/jobs/careers/EEC-Group-Egypt-31409
Kian Alraqmih,https://wuzzuf.net/jobs/careers/Kian-Alraqmih-Egypt-95222
acwme,https://wuzzuf.net/jobs/careers/CWME-Egypt-83165
Four Seasons Hotels and Resorts,https://wuzzuf.net/jobs/careers/Four Seasons Hotels and Resorts-Kuwait-91482
Kuehne & Nagel Logistics,https://wuzzuf.net/jobs/careers/Kuehne & Nagel Logistics-Qatar-94706
S.C. Johnson & Son Inc,https://wuzzuf.net/jobs/careers/S.C. Johnson & Son Inc-Egypt-94731
eBSEG,https://wuzzuf.net/jobs/careers/eBSEG-Egypt-10608
Kasrawy Group,https://wuzzuf.net/jobs/careers/Kasrawy-Group-Egypt-43947
Measuresoft oil and gas Services   ,https://wuzzuf.net/jobs/careers/Measuresoft oil and gas Services-Egypt-93887
Global Academic Foundation Hosting University of Hertfordshire UH,https://wuzzuf.net/jobs/careers/Global-University-Egypt-52138
IT Pillars,https://wuzzuf.net/jobs/careers/IT-Pillars-Egypt-21866
Pillars,https://wuzzuf.net/jobs/careers/Pillars-Egypt-4586
Khatib & Alami,https://wuzzuf.net/jobs/careers/Khatib & Alami-Egypt-95376
eVision,https://wuzzuf.net/jobs/careers/eVision-Egypt-7064
Numrah,https://wuzzuf.net/jobs/careers/Numrah-Saudi Arabia-95178
Nature's Rule Egypt LLC ,https://wuzzuf.net/jobs/careers/Nature-Rule-Jordan-31287
Statements for Consulting,https://wuzzuf.net/jobs/careers/Statements-for-Consulting-Egypt-8643
Ultimate Solutions Egypt,https://wuzzuf.net/jobs/careers/Ultimate-Solutions-Egypt-Egypt-20844
Elhazek Construction,https://wuzzuf.net/jobs/careers/Elhazek-Construction-Egypt-32696
Kick Start Interactive,https://wuzzuf.net/jobs/careers/Kick-Start-Interactive-Egypt-8629
INNOVA SOFT,https://wuzzuf.net/jobs/careers/INNOVA SOFT-Tunisia-95355
VAS Integrated Solutions,https://wuzzuf.net/jobs/careers/VAS Integrated Solutions-Egypt-92648
Nerva,https://wuzzuf.net/jobs/careers/Nerva-Egypt-94160
Auto Tager,https://wuzzuf.net/jobs/careers/Auto-Tager-Egypt-91959
Erada,https://wuzzuf.net/jobs/careers/Erada-Egypt-89969
WorldFish,https://wuzzuf.net/jobs/careers/WorldFish-Egypt-95310
WUZZUF,https://wuzzuf.net/jobs/careers/WUZZUF-Egypt-15061
Shatta,https://wuzzuf.net/jobs/careers/Shatta-Egypt-46708
"Nile Bits, LLC.","https://wuzzuf.net/jobs/careers/Nile Bits, LLC.-Egypt-95302"
Intercept Technologies,https://wuzzuf.net/jobs/careers/Intercept-Technologies-Egypt-64833
Nour Eldin Elsherif for Trading vehicles,https://wuzzuf.net/jobs/careers/nour-eldin-elsherif-for-trading-vehicles-Egypt-30889
Delta Egypt For Lighting ,https://wuzzuf.net/jobs/careers/Delta-Egypt-Foreign-Trade-Egypt-5797
Tokio Marine Egypt General,https://wuzzuf.net/jobs/careers/Tokio-Marine-Egypt-General-Takaful-Egypt-14889
Fawry for Banking Technology and Electronic Payments S.A.E,https://wuzzuf.net/jobs/careers/Fawry-Banking---Payment-Technology-Services-Egypt-2878
Mass Technology,https://wuzzuf.net/jobs/careers/Mass Technology-Egypt-95263
Youxel,https://wuzzuf.net/jobs/careers/Youxel-Egypt-19495
365 Ecology,https://wuzzuf.net/jobs/careers/365-Ecology-Egypt-24389
Amasi,https://wuzzuf.net/jobs/careers/Amasi-Saudi Arabia-92230
2CooM,https://wuzzuf.net/jobs/careers/2CooM-Egypt-86048
Bypa-ss,https://wuzzuf.net/jobs/careers/Bypa-ss-Egypt-23618
Cilantro,https://wuzzuf.net/jobs/careers/Cilantro-Egypt-69955
(MSA) October University,https://wuzzuf.net/jobs/careers/--40-MSA--41--October-University-Egypt-2281
Gamers Lounge,https://wuzzuf.net/jobs/careers/Gamers-Lounge-Egypt-41144
Deal,https://wuzzuf.net/jobs/careers/Deal-Saudi-Arabia-44227
SevenCodeApps,https://wuzzuf.net/jobs/careers/SevenCodeApps-Egypt-84901
Ali Alkhajeh Development,https://wuzzuf.net/jobs/careers/Ali Alkhajeh Development-Egypt-95244
CARITech,https://wuzzuf.net/jobs/careers/Private-business-Egypt-69535
Smart Glass Company,https://wuzzuf.net/jobs/careers/Smart-Glass-Company-Egypt-24204
BBI-Consultancy,https://wuzzuf.net/jobs/careers/BBI-Consultancy-Egypt-1113
IKEN Technology,https://wuzzuf.net/jobs/careers/IKEN-Technology-Egypt-44052
Robiquity,https://wuzzuf.net/jobs/careers/Robiquity-Egypt-57118
Ofoq Consulting,https://wuzzuf.net/jobs/careers/Ofoq-Consulting-Egypt-10611
Kiromarble for marble and granite,https://wuzzuf.net/jobs/careers/Kiromarble-for-marble-and-granite-Egypt-30738
Golden Gates ,https://wuzzuf.net/jobs/careers/Golden Gates-Egypt-87136
YELO,https://wuzzuf.net/jobs/careers/Al-wefaq-Egypt-23708
Dedalus,https://wuzzuf.net/jobs/careers/Dedalus-India-95195
Klik,https://wuzzuf.net/jobs/careers/Klik-Egypt-95090
scandiweb,https://wuzzuf.net/jobs/careers/scandiweb-Latvia-83341
sios,https://wuzzuf.net/jobs/careers/sios-Egypt-95174
Yassien & Partners Law Firm,https://wuzzuf.net/jobs/careers/Yassien---Partners-Law-Firm-Egypt-70230
intella,https://wuzzuf.net/jobs/careers/intella-Egypt-73664
Deutschland Technology Limited,https://wuzzuf.net/jobs/careers/Deutschland-technology-Egypt-37376
Spatium Software,https://wuzzuf.net/jobs/careers/Spatium Software-Egypt-94933
Safa International Travel,https://wuzzuf.net/jobs/careers/Safa-International-Travel-Egypt-43271
Alkarma Developments,https://wuzzuf.net/jobs/careers/Alkarma-Developments-Egypt-52486
MCV,https://wuzzuf.net/jobs/careers/MCV-Egypt-2340
Eg Insurtech,https://wuzzuf.net/jobs/careers/Eg-Insurtech-Egypt-77552
Yespays,https://wuzzuf.net/jobs/careers/Yeshtery-Egypt-80137
Furqan Group for Education & IT,https://wuzzuf.net/jobs/careers/Furqan-Group-for-Education---IT-Egypt-56917
Crevisoft Corporation,https://wuzzuf.net/jobs/careers/Crevisoft-Egypt-40283
Sulfah,https://wuzzuf.net/jobs/careers/Rqmnh-Digitizing-Saudi-Arabia-9481
Egypt Bakery Stores,https://wuzzuf.net/jobs/careers/Egypt-Bakery-Stores-Egypt-71096
Target Integrated Systems,https://wuzzuf.net/jobs/careers/Target-Egypt-78472
Enegix,https://wuzzuf.net/jobs/careers/Enegix-Egypt-94818
Alstom,https://wuzzuf.net/jobs/careers/Alstom-Egypt-79317
RUSHBRUSH INC,https://wuzzuf.net/jobs/careers/RUSHBRUSH-INC-Egypt-28872
Procoor,https://wuzzuf.net/jobs/careers/Procoor-Egypt-24462
NCR,https://wuzzuf.net/jobs/careers/NCR-Egypt-41686
Promech Engineering,https://wuzzuf.net/jobs/careers/Promech-Engineering-Egypt-21525
Forasna,https://wuzzuf.net/jobs/careers/Forasna-Egypt-15764
Origin integrated marketing agency,https://wuzzuf.net/jobs/careers/Origin integrated marketing agency-Egypt-95118
Nile Projects & Trading,https://wuzzuf.net/jobs/careers/Nile-Projects-Trading-Egypt-15438
InitRes,https://wuzzuf.net/jobs/careers/InitRes-Egypt-68636
GEMS Education,https://wuzzuf.net/jobs/careers/GEMS-Education-Egypt-42339
Seoudi Supermarket,https://wuzzuf.net/jobs/careers/United-Grocers-Egypt-16038
Ethos International School,https://wuzzuf.net/jobs/careers/Ethos-International-School-Egypt-14146
Zeidex,https://wuzzuf.net/jobs/careers/zeidex-Egypt-40622
Glamera,https://wuzzuf.net/jobs/careers/Glamera-Egypt-47172
Travolic.LLc,https://wuzzuf.net/jobs/careers/Travolic-LLc-Egypt-38993
Tech 101,https://wuzzuf.net/jobs/careers/Tech 101-Romania-95017
etisal for advanced industries ,https://wuzzuf.net/jobs/careers/etisal-for-advanced-industries-Egypt-83648
iNetwork Solutions,https://wuzzuf.net/jobs/careers/iNetwork-Solutions-Egypt-28500
alfanar,https://wuzzuf.net/jobs/careers/Alfanar-Egypt-58564
Town Team,https://wuzzuf.net/jobs/careers/Town-Team-Egypt-18463
Signature Technology DMCC,https://wuzzuf.net/jobs/careers/Signature Technology DMCC-United Arab Emirates-94616
Tartoussieh Engineering & Trading Co,https://wuzzuf.net/jobs/careers/Tartoussieh-for-Engineering-Egypt-27005
Mercury Visual Solutions ,https://wuzzuf.net/jobs/careers/Mercury Visual Solutions-Egypt-95068
"The Micro, Small & Medium Enterprise Development Agency ",https://wuzzuf.net/jobs/careers/The-Micro--Small--amp--Medium-Enterprise-Development-Agency-Egypt-43065
TechAdemics,https://wuzzuf.net/jobs/careers/TechAdemics-Egypt-55889
Upwyde,https://wuzzuf.net/jobs/careers/Upwyde-Egypt-76587
Premier Services and Recruitment Overseas ,https://wuzzuf.net/jobs/careers/Premier-Services-and-Recruitment-Egypt-30005
Queen Tech Solutions,https://wuzzuf.net/jobs/careers/Queen-Tech-Solutions-Egypt-16621
Zewail City,https://wuzzuf.net/jobs/careers/Zewail-City-Egypt-2881
Lumin,https://wuzzuf.net/jobs/careers/Excel-Systems-LLC-Egypt-13729
Mazloum Real Estate,https://wuzzuf.net/jobs/careers/Mazloum-Real-Estate-Egypt-85128
Advanced Solutions,https://wuzzuf.net/jobs/careers/Advanced-Solutions-Philippines-70579
engineering tracks,https://wuzzuf.net/jobs/careers/engineering-tracks-Egypt-50528
Asass,https://wuzzuf.net/jobs/careers/Asass-13531
PSH,https://wuzzuf.net/jobs/careers/PSH-Egypt-81542
Techno Management,https://wuzzuf.net/jobs/careers/Techno-Managemenet-Egypt-7889
egabi solutions,https://wuzzuf.net/jobs/careers/Egabi-Solutions-Egypt-58526
El Khamis Hydraulic Company ,https://wuzzuf.net/jobs/careers/El Khamis Hydraulic Company-Egypt-95026
Delivery-tech,https://wuzzuf.net/jobs/careers/Delivery-tech-United-States-63355
Orient,https://wuzzuf.net/jobs/careers/Orient-Egypt-17201
Vzadi.com,https://wuzzuf.net/jobs/careers/Vzadi.com-Egypt-94985
Bright Vision  ,https://wuzzuf.net/jobs/careers/Bright Vision-Egypt-74394
El Teriak Industrial Group,https://wuzzuf.net/jobs/careers/El-Teriak-Industrial-Group-Egypt-17942
Dentsu Inc,https://wuzzuf.net/jobs/careers/Dentsu Inc-Saudi Arabia-94695
TIS,https://wuzzuf.net/jobs/careers/TIS-Saudi Arabia-94883
Efada Technology,https://wuzzuf.net/jobs/careers/Efada-Technology-Egypt-14085
iono tech,https://wuzzuf.net/jobs/careers/iono tech-Egypt-94935
Khodar.com,https://wuzzuf.net/jobs/careers/Khodar-Trading-and-Marketing-Egypt-53155
Zamil Steel Buildings Co,https://wuzzuf.net/jobs/careers/Zamil-Steel-Buildings-Co-Egypt-12650
LINK Development,https://wuzzuf.net/jobs/careers/A15-Egypt-15576
LoadServ,https://wuzzuf.net/jobs/careers/LoadServ-Egypt-94914
Dimofinf Operations Center,https://wuzzuf.net/jobs/careers/Dimofinf-Operations-Center-Egypt-56
Zawaya,https://wuzzuf.net/jobs/careers/Zawaya-Egypt-17301
Afaqy,https://wuzzuf.net/jobs/careers/Afaqy-Egypt-28121
Sequel Solutions,https://wuzzuf.net/jobs/careers/Care-Dental-Egypt-27404
2oolAmeme,https://wuzzuf.net/jobs/careers/2oolAmeme-Egypt-94877
Mc Ledger,https://wuzzuf.net/jobs/careers/Cyber-Accounting-Services-L-L-C-United-Arab-Emirates-34892
Sierra Engineering & Manufacturing,https://wuzzuf.net/jobs/careers/Sierra-GCF-Egypt-11587
Kenzz,https://wuzzuf.net/jobs/careers/Kenzz-Egypt-94892
Ibn Sina Pharma,https://wuzzuf.net/jobs/careers/Ibn-Sina-Pharma-Egypt-7249
Dubai Egypt Sweden,https://wuzzuf.net/jobs/careers/Dubai-Egypt-Sweden-Egypt-13844
TA telecom,https://wuzzuf.net/jobs/careers/TA-telecom-Egypt-60503
Al Ahly Medical Company,https://wuzzuf.net/jobs/careers/Al-Ahly-Medical-Company-Egypt-7459
Air Arabia,https://wuzzuf.net/jobs/careers/Air-Arabia-United-Arab-Emirates-24864
TensorGraph,https://wuzzuf.net/jobs/careers/TensorGraph-Egypt-32724
BrightCap Ventures,https://wuzzuf.net/jobs/careers/BrightCap Ventures-Egypt-94853
Mantrac,https://wuzzuf.net/jobs/careers/Mantrac-Egypt-27769
NAGADA,https://wuzzuf.net/jobs/careers/NAGADA-Egypt-13265
Al Amin Technological Systems,https://wuzzuf.net/jobs/careers/AlAmin-Egypt-27680
Dataline technology company,https://wuzzuf.net/jobs/careers/Dataline technology company-Qatar-94835
Options,https://wuzzuf.net/jobs/careers/Options-Egypt-32852
Softxpert Incorporation ,https://wuzzuf.net/jobs/careers/Softxpert-Incorporation-Egypt-3527
INTERPAC,https://wuzzuf.net/jobs/careers/INTERPAC-Egypt-38476
Kashier Payment Solutions,https://wuzzuf.net/jobs/careers/Elements-Financial-Technologies-Egypt-48104
e Aswaaq Misr,https://wuzzuf.net/jobs/careers/E-Aswaq-Misr-Egypt-54731
Smartly,https://wuzzuf.net/jobs/careers/Starware-Egypt-31451
Mimocodes,https://wuzzuf.net/jobs/careers/Mimocodes-Egypt-60819
PICO,https://wuzzuf.net/jobs/careers/PICO-Egypt-1595
Arabian Systems,https://wuzzuf.net/jobs/careers/Arabian-Systems-Egypt-39379
Egypt HiTech  ,https://wuzzuf.net/jobs/careers/Egypt HiTech-Egypt-91221
ERP-Bank,https://wuzzuf.net/jobs/careers/ERP-Bank-Egypt-88090
"Do Localize, Ltd.",https://wuzzuf.net/jobs/careers/L10N-House--LTD--Egypt-35218
A1Softech,https://wuzzuf.net/jobs/careers/A1Softech-Egypt-12248
CompactSoft International ,https://wuzzuf.net/jobs/careers/CompactSoft-Egypt-27512
Health Insights Group,https://wuzzuf.net/jobs/careers/Health-Insights-Group-Egypt-78815
New Plan ,https://wuzzuf.net/jobs/careers/AlKhalil-Egypt-32501
Callvita,https://wuzzuf.net/jobs/careers/Callvita-United-States-40801
British University of Egypt,https://wuzzuf.net/jobs/careers/British-University-of-Egypt-Egypt-70684
Alexandria For Programming,https://wuzzuf.net/jobs/careers/Alexandria-for-programming-Egypt-6203
New Energy EV,https://wuzzuf.net/jobs/careers/-93422
Roya Developments,https://wuzzuf.net/jobs/careers/Roya-Developments-Egypt-72895
Shifa Egypt,https://wuzzuf.net/jobs/careers/Shifa-Egypt-Egypt-48388
Silicon21,https://wuzzuf.net/jobs/careers/Silicon21-Egypt-3613
Masria Digital Payment (MDP),https://wuzzuf.net/jobs/careers/Masria-Card-Egypt-12728
Edu-Zone,https://wuzzuf.net/jobs/careers/Edu-Zone-Egypt-23772
Puzzle,https://wuzzuf.net/jobs/careers/Puzzle-Egypt-94656
Guestna,https://wuzzuf.net/jobs/careers/Guestna-Saudi Arabia-94208
Aman,https://wuzzuf.net/jobs/careers/Aman-Egypt-18390
TRAUXIT,https://wuzzuf.net/jobs/careers/TRAUXIT-Egypt-94646
Kellogg Tolaram Noodles Egypt LLC,https://wuzzuf.net/jobs/careers/Kellogg-Tolaram-Noodles-Egypt-LLC-Egypt-43972
Johnson Controls,https://wuzzuf.net/jobs/careers/Johnson-Controls-Saudi-Arabia-45733
Khales,https://wuzzuf.net/jobs/careers/Khales-Egypt-52822
Marketopia,https://wuzzuf.net/jobs/careers/Marketopia-Egypt-49918
Naia Developments,https://wuzzuf.net/jobs/careers/Naia-Developments-Egypt-89653
INDEVCO,https://wuzzuf.net/jobs/careers/Indevco-Lebanon-21008
Capleo Globle,https://wuzzuf.net/jobs/careers/Capleo Globle-India-94576
EDRAK Software,https://wuzzuf.net/jobs/careers/EDRAK-Software-Egypt-10075
Transmar International ,https://wuzzuf.net/jobs/careers/Transmar-International--Egypt-20249
Interactive Limited/Carma Group,https://wuzzuf.net/jobs/careers/Interactive-Limited-United-Arab-Emirates-82959
SHAWAHID ROADS INDUSTRIAL COMPANY ,https://wuzzuf.net/jobs/careers/SHAWAHID ROADS INDUSTRIAL COMPANY-Egypt-92174
Sprints.ai,https://wuzzuf.net/jobs/careers/Sprints-ai-Egypt-44269
Melco-Mec Egypt for Elevators & Escalators - Mitsubishi,https://wuzzuf.net/jobs/careers/Melco-Mec-Egypt-for-Elevators---Escalators---Mitsubishi-Egypt-4423
Shotmed,https://wuzzuf.net/jobs/careers/Shotmed-Egypt-94154
Arabia for Information Technology,https://wuzzuf.net/jobs/careers/Arabia-for-Information-Technology-Egypt-10379
EFS,https://wuzzuf.net/jobs/careers/EFS-Egypt-28514
Optasia,https://wuzzuf.net/jobs/careers/Channel-IT-Egypt-Egypt-6789
"Izam, inc.",https://wuzzuf.net/jobs/careers/Izam--inc--Egypt-39467
Objects,https://wuzzuf.net/jobs/careers/Objects-Egypt-4204
Royal Investment,https://wuzzuf.net/jobs/careers/Royal-Investment-Egypt-72847
COREations,https://wuzzuf.net/jobs/careers/COREations-Egypt-52571
Sutherland,https://wuzzuf.net/jobs/careers/Sutherland-Global-Services-Egypt-1009
EpsilonAI,https://wuzzuf.net/jobs/careers/EpsilonAI-Egypt-65111
Universities of Canada in Egypt,https://wuzzuf.net/jobs/careers/Universities-of-Canada-in-Egypt-9537
El Mohandess Print House,https://wuzzuf.net/jobs/careers/EL-Mohandess-Press-Egypt-4674
Impactyn,https://wuzzuf.net/jobs/careers/Impactyn-Egypt-92524
Fintech solutions,https://wuzzuf.net/jobs/careers/--87220
Elkenany Group,https://wuzzuf.net/jobs/careers/commodity-physical-trading-Egypt-64206
FRIDAL,https://wuzzuf.net/jobs/careers/FRIDAL-Egypt-14596
Arlation Media Services,https://wuzzuf.net/jobs/careers/Arlation-Media-Services-Egypt-25289
TIC,https://wuzzuf.net/jobs/careers/TIC-Egypt-78517
Rednet It Services,https://wuzzuf.net/jobs/careers/Rednet-It-Services-Egypt-5365
Moltaqa,https://wuzzuf.net/jobs/careers/Moltaqa-Egypt-92196
Konnekt Union,https://wuzzuf.net/jobs/careers/Konnekt-Union-Egypt-46555
Jaffangroup,https://wuzzuf.net/jobs/careers/Jaffangroup-Egypt-39184
altameerarabian,https://wuzzuf.net/jobs/careers/altameerarabian-Egypt-78577
Integrated Technology Group,https://wuzzuf.net/jobs/careers/Integrated-Technology-Group-Egypt-11822
iSON Xperiences Egypt,https://wuzzuf.net/jobs/careers/Wasla-Outsourcing-Egypt-4324
QARA,https://wuzzuf.net/jobs/careers/QARA-Egypt-73559
Royal Sky,https://wuzzuf.net/jobs/careers/Royal-Sky-Egypt-91270
YOUXEl Technology,https://wuzzuf.net/jobs/careers/YOUXEl-Technology-Egypt-90861
Order King,https://wuzzuf.net/jobs/careers/Order-King-Egypt-88776
Finding From Egy ,https://wuzzuf.net/jobs/careers/Finding From Egy-Egypt-92695
TMA For Industrial Supplies,https://wuzzuf.net/jobs/careers/TMA-For-Industrial-Supplies-Egypt-38580
Ether Technology,https://wuzzuf.net/jobs/careers/-85181
Egyptian Integration,https://wuzzuf.net/jobs/careers/Egyptian Integration-Egypt-94234
ACML - Egypt,https://wuzzuf.net/jobs/careers/ACML - Egypt-Egypt-94462
Seldar Egypt,https://wuzzuf.net/jobs/careers/Seldar-Egypt-Egypt-30370
appcorp,https://wuzzuf.net/jobs/careers/AppCorp-Egypt-51594
Parkville Pharmaceuticals,https://wuzzuf.net/jobs/careers/Parkville-Pharmaceuticals-Egypt-9968
Millensys,https://wuzzuf.net/jobs/careers/Millensys-Egypt-17673
Dolf,https://wuzzuf.net/jobs/careers/Dolf-Egypt-27171
Lecon,https://wuzzuf.net/jobs/careers/Lecon-Egypt-87754
RTR Software Solutions ,https://wuzzuf.net/jobs/careers/Nakheel-Egypt-85138
Sky Distribution,https://wuzzuf.net/jobs/careers/Sky-Distribution-Egypt-20983
InstaShop,https://wuzzuf.net/jobs/careers/InstaShop-Egypt-33211
Elfostat Company for import and export,https://wuzzuf.net/jobs/careers/Elfostat Company for import and export-Egypt-94436
شركه طنطا موتورز,https://wuzzuf.net/jobs/careers/شركه-طنطا-موتورز-Egypt-42744
Max Muscle,https://wuzzuf.net/jobs/careers/Max-Muscle-Egypt-24434
eGate Egypt,https://wuzzuf.net/jobs/careers/eGate Egypt-Egypt-94434
Majorel Egypt,https://wuzzuf.net/jobs/careers/Majorel-Egypt-388
Fawry Microfinance ,https://wuzzuf.net/jobs/careers/Fawry-Microfinance-Egypt-41319
cCc callcenter and Digital Marketing,https://wuzzuf.net/jobs/careers/MENA-Connect-Egypt-90172
CTO for startups,https://wuzzuf.net/jobs/careers/CTO for startups-United Arab Emirates-94384
Economic Group ,https://wuzzuf.net/jobs/careers/Economic-Group-Egypt-92844
Solutions,https://wuzzuf.net/jobs/careers/Solutions-Egypt-13670
Intelcia,https://wuzzuf.net/jobs/careers/Intelcia-21580
Ascon Advanced Solutions & Consultant,https://wuzzuf.net/jobs/careers/Ascon-Advanced-Solutions--amp--Consultant-Egypt-26156
The Portal,https://wuzzuf.net/jobs/careers/The-Portal-Egypt-33057
شيلتر تكنولوجي,https://wuzzuf.net/jobs/careers/شيلتر-تكنولوجي-Egypt-65194
Sinmar Soft ,https://wuzzuf.net/jobs/careers/Sinmar Soft-Egypt-81792
Peerless,https://wuzzuf.net/jobs/careers/Peerless-Egypt-32493
Quick Services,https://wuzzuf.net/jobs/careers/Quick Services-Egypt-94315
Post Distribution Company ,https://wuzzuf.net/jobs/careers/Post Distribution Company-Egypt-87544
Alumil,https://wuzzuf.net/jobs/careers/Alumil-Egypt-10721
Balanced Education Company,https://wuzzuf.net/jobs/careers/New-Generation-international-Schools-Egypt-42986
Delta American School ,https://wuzzuf.net/jobs/careers/Delta-American-School-Egypt-45249
Shahbandr,https://wuzzuf.net/jobs/careers/Shahbandr-Egypt-94295
Sweet Memory travel,https://wuzzuf.net/jobs/careers/Sweet Memory travel-Egypt-94292
Loc-Camp,https://wuzzuf.net/jobs/careers/Loc-Camp-Egypt-36590
BRISK Business Inc.,https://wuzzuf.net/jobs/careers/BRISK-Business-Inc--United-States-32763
ORGANI GROUP,https://wuzzuf.net/jobs/careers/Sinai-Sons-Company-Egypt-64842
Mohandes Life Insurance ,https://wuzzuf.net/jobs/careers/Mohandes Life Insurance-Egypt-88036
Seena - سينا,https://wuzzuf.net/jobs/careers/Seena - سينا-Egypt-94040
Egypt University of Informatics (EUI),https://wuzzuf.net/jobs/careers/Egypt-University-of-Informatics--EUI--Egypt-64045
Rubyred Garment,https://wuzzuf.net/jobs/careers/Rubyred-Garment-Egypt-16370
ZINAD IT,https://wuzzuf.net/jobs/careers/ZINAD-IT-Egypt-30253
Bydotpy,https://wuzzuf.net/jobs/careers/Bydotpy-Egypt-81534
MegaSoft,https://wuzzuf.net/jobs/careers/MegaSoft-Egypt-4107
RDI,https://wuzzuf.net/jobs/careers/RDI-Egypt-5083
Crowe Egypt - Dr Khaled Abdelaziz Hegazy,https://wuzzuf.net/jobs/careers/Crowe-Egypt---Dr-Khaled-Abdelaziz-Hegazy-Egypt-55293
Shebak,https://wuzzuf.net/jobs/careers/Shebak-Egypt-17288
Swakli Digital Events,https://wuzzuf.net/jobs/careers/Swakli Digital Events-United Arab Emirates-94196
Windrose Academy,https://wuzzuf.net/jobs/careers/WindRose-Acadamey-Egypt-19750
British Council,https://wuzzuf.net/jobs/careers/British-Council-Egypt-36413
Multi Level Group (MLG),https://wuzzuf.net/jobs/careers/Multi-Level-Group--MLG--United-Arab-Emirates-75942
Hayati SRL,https://wuzzuf.net/jobs/careers/Hayati SRL-Romania-93617
EVA Cosmetics ,https://wuzzuf.net/jobs/careers/EVA-Cosmetics-Egypt-8243
Al Rabat,https://wuzzuf.net/jobs/careers/Al-Rabat-Egypt-4007
Interact Technology Solutions,https://wuzzuf.net/jobs/careers/Interact-Technology-Solutions-Egypt-7185
DAK Steel - Construction,https://wuzzuf.net/jobs/careers/DAK Steel - Construction-Egypt-94131
Al Soug-Cashi,https://wuzzuf.net/jobs/careers/Al-Soug-Cashi-Egypt-86358
Egypt Kuwait Holding,https://wuzzuf.net/jobs/careers/Egypt-Kuwait-Holding-Egypt-40064
Al-hakeema,https://wuzzuf.net/jobs/careers/Al-hakeema-Egypt-72184
taknia systems,https://wuzzuf.net/jobs/careers/taknia systems-Egypt-94025
Orange Studio,https://wuzzuf.net/jobs/careers/Orange-Studio-Egypt-13924
Waseet.net,https://wuzzuf.net/jobs/careers/Alsahab Global-Egypt-86243
GoodsMart,https://wuzzuf.net/jobs/careers/GoodsMart-Egypt-94092
Target Recruitment  & HR Solutions ,https://wuzzuf.net/jobs/careers/Target-Recruitment----HR-Solutions-Egypt-2029
Micro Engineering,https://wuzzuf.net/jobs/careers/MEEG-Egypt-16608
Horizon,https://wuzzuf.net/jobs/careers/Horizon-United Arab Emirates-94058
Indegree,https://wuzzuf.net/jobs/careers/Indegree-Egypt-94064
Hands of Hope Physical Therapy & Wellness,https://wuzzuf.net/jobs/careers/--76168
Ulemt,https://wuzzuf.net/jobs/careers/Ulemt-Egypt-21777
Data Science,https://wuzzuf.net/jobs/careers/Data-Science-Egypt-91120
Elabd Foods,https://wuzzuf.net/jobs/careers/Elabd-Foods-Egypt-7864
AL MASHARIQ ,https://wuzzuf.net/jobs/careers/ASK-CLIENT-Egypt-36981
Elite Education Group,https://wuzzuf.net/jobs/careers/Elite-International-School-Egypt-39768
Thaka International,https://wuzzuf.net/jobs/careers/Thaka-International-Saudi-Arabia-80979
Talaat Moustafa Group,https://wuzzuf.net/jobs/careers/Talaat-Moustafa-Group-Egypt-3106
Bluebell Pharmaceuticals ,https://wuzzuf.net/jobs/careers/Bluebell-Pharmaceuticals-Egypt-29144
Grifols Egypt for Plasma Derivatives,https://wuzzuf.net/jobs/careers/-80178
StudentGator,https://wuzzuf.net/jobs/careers/StudentGator-Egypt-94003
Coral Technology,https://wuzzuf.net/jobs/careers/Coral-Technology-Egypt-39063
GPS,https://wuzzuf.net/jobs/careers/elmoasserbooks-Egypt-37460
Caduceus Lane,https://wuzzuf.net/jobs/careers/Caduceus-Lane-Egypt-6198
INTERNET SOLUTIONS,https://wuzzuf.net/jobs/careers/INTERNeT-SOLUTIONS-Egypt-22057
TechJump,https://wuzzuf.net/jobs/careers/IT-Experts-Egypt-89172
VFS Global Egypt,https://wuzzuf.net/jobs/careers/-7863
National Technology,https://wuzzuf.net/jobs/careers/National-Technology-Egypt-5626
Selah ElTelmeez For Publishing & printing,https://wuzzuf.net/jobs/careers/Selah-ElTelmeez-For-Publishing---printing-Egypt-31447
Webhelp,https://wuzzuf.net/jobs/careers/Webhelp-Egypt-57662
Selftreat,https://wuzzuf.net/jobs/careers/Selftreat-Lithuania-93909
Human Quality,https://wuzzuf.net/jobs/careers/Human-Quality-Egypt-32384
Itechs,https://wuzzuf.net/jobs/careers/Itechs-Egypt-76484
Aman Holding,https://wuzzuf.net/jobs/careers/Emasa-Egypt-63357
Staron Egypt,https://wuzzuf.net/jobs/careers/Staron-Egypt-Egypt-56323
IT Cores,https://wuzzuf.net/jobs/careers/IT-Cores-Egypt-34561
ZE LOGIC,https://wuzzuf.net/jobs/careers/ZE LOGIC-Egypt-80290
Brilliant Engineering,https://wuzzuf.net/jobs/careers/Brilliant-Engineering-Egypt-11787
UMX Studio,https://wuzzuf.net/jobs/careers/UMX Studio-Egypt-93885
ESLSCA University,https://wuzzuf.net/jobs/careers/Eslsca-Egypt-7498
Safa Soft,https://wuzzuf.net/jobs/careers/Safa-Tech--Egypt-16743
Ebla,https://wuzzuf.net/jobs/careers/Ebla-Egypt-33363
PyramidBITS,https://wuzzuf.net/jobs/careers/PyramidBITS-Egypt-35726
webSTDY,https://wuzzuf.net/jobs/careers/webSTDY-Egypt-34266
4level1,https://wuzzuf.net/jobs/careers/4level1-Egypt-27066
Ditech Egypt,https://wuzzuf.net/jobs/careers/Dimensions-Information-Technology-United-Arab-Emirates-55093
Rowaad,https://wuzzuf.net/jobs/careers/Rowaad-Egypt-34790
Advansys for Trading & Contracting,https://wuzzuf.net/jobs/careers/advansys-for-trading--amp--contracting-Egypt-38366
URANIUM,https://wuzzuf.net/jobs/careers/URANIUM-Egypt-9585
Dreem Mashreq Foods ,https://wuzzuf.net/jobs/careers/DREEM---Mashreq-Group-Egypt-7358
Be Group,https://wuzzuf.net/jobs/careers/Be-4-E-Marketing-Egypt-8577
FlexFilms Egypt,https://wuzzuf.net/jobs/careers/FlexFilms-Egypt-Egypt-29559
SSC Egypt,https://wuzzuf.net/jobs/careers/SSC-Egypt-Egypt-37268
شركة توصيل الخليجية للتجارة,https://wuzzuf.net/jobs/careers/شركة توصيل الخليجية-Saudi Arabia-93613
Software House Solution ,https://wuzzuf.net/jobs/careers/Software House Solution-Egypt-89312
Tamayouz Development and Training Company,https://wuzzuf.net/jobs/careers/Tamayouz-Development-and-Training-Company-Egypt-61272
Cepack,https://wuzzuf.net/jobs/careers/HiPack-Group-Egypt-28773
Anspire Agency,https://wuzzuf.net/jobs/careers/Anspire-Agency-Egypt-14761
Dawi Clinics,https://wuzzuf.net/jobs/careers/Dawi-Clinics-Egypt-22444
Hanimex,https://wuzzuf.net/jobs/careers/Hanimex-Egypt-93684
Digital Hub,https://wuzzuf.net/jobs/careers/Digital-Hub-Egypt-22501
Elsewedy industries,https://wuzzuf.net/jobs/careers/Elsewedy-industries-Egypt-49892
Extend | The Ad Network,https://wuzzuf.net/jobs/careers/Extend---The-Ad-Network-Egypt-93623
Netaq for E-Solutions,https://wuzzuf.net/jobs/careers/Netaq for E-Solutions-United Arab Emirates-93607
HandleT,https://wuzzuf.net/jobs/careers/HandleT-Egypt-93450
Firoz Group,https://wuzzuf.net/jobs/careers/Firoz-Group-Egypt-9464
maxtron,https://wuzzuf.net/jobs/careers/maxtron-Egypt-93611
Elite Technology Based,https://wuzzuf.net/jobs/careers/Elite-Technology-Based-Egypt-66834
Etisal EG,https://wuzzuf.net/jobs/careers/Etisal-EG-Egypt-33245
Royal Cyber,https://wuzzuf.net/jobs/careers/Royal-Cyber-India-86982
MOOLA,https://wuzzuf.net/jobs/careers/MOOLA-Saudi Arabia-93565
Pioneers Now,https://wuzzuf.net/jobs/careers/Pioneers-Now-Egypt-56901
The Translation Gate,https://wuzzuf.net/jobs/careers/The-Translation-Gate-Egypt-18445
YDS yasar digital services ,https://wuzzuf.net/jobs/careers/YDS-yasar-digital-services-Egypt-54054
Cybersec consulting,https://wuzzuf.net/jobs/careers/Cybersec consulting-Egypt-90630
Onecard,https://wuzzuf.net/jobs/careers/Onecard-Egypt-2829
Orevan,https://wuzzuf.net/jobs/careers/Orevan-Egypt-93504
e-finance,https://wuzzuf.net/jobs/careers/e-finance-Egypt-2920
Informatique Education,https://wuzzuf.net/jobs/careers/Informatique-Egypt-6845
ckptr,https://wuzzuf.net/jobs/careers/ckptr-Egypt-93507
Puffin,https://wuzzuf.net/jobs/careers/Puffin-Egypt-86278
Al Watania Poultry,https://wuzzuf.net/jobs/careers/Al-watania-poltry-Egypt-25246
Cellopack for Packaging Industries,https://wuzzuf.net/jobs/careers/Cellopack-for-Packaging-Industries-Egypt-15085
STIO Life Science,https://wuzzuf.net/jobs/careers/STIO-Life-Science-Egypt-54212
SIPES,https://wuzzuf.net/jobs/careers/SIPES-Egypt-1202
Madar Soft,https://wuzzuf.net/jobs/careers/Madar-Soft-Egypt-14834
El Nahar for Medical Solutions,https://wuzzuf.net/jobs/careers/El-Nahar-for-Medical-Solutions-Egypt-29738
Epic Systems,https://wuzzuf.net/jobs/careers/Epic-Systems-Egypt-14989
Salem Ventures,https://wuzzuf.net/jobs/careers/Salem-Capital-Egypt-71017
Decorama,https://wuzzuf.net/jobs/careers/Decorama-Egypt-4570
Sharp 4 IT,https://wuzzuf.net/jobs/careers/Sharp 4 IT-Egypt-93456
Femex Egypt,https://wuzzuf.net/jobs/careers/Femex-Egypt-Egypt-4386
Rameer Co. for (Architecture & Design),https://wuzzuf.net/jobs/careers/Rameer Co. for (Architecture & Design)-Egypt-93367
SMG Engineering Automotive,https://wuzzuf.net/jobs/careers/SMG-Engineering-Automotive-Company-Egypt-6459
Al Omaraa Group for Ceramic and Porcelain Production,https://wuzzuf.net/jobs/careers/Porcelain-Majestic-Egypt-64798
Smart Window,https://wuzzuf.net/jobs/careers/Smart-window-Egypt-43781
Care Services EG,https://wuzzuf.net/jobs/careers/lead-Egypt-93378
Dart Technology ,https://wuzzuf.net/jobs/careers/Dart Technology-Egypt-88079
Zedny,https://wuzzuf.net/jobs/careers/Zedny-Egypt-74602
Industrial Professionals general trading co,https://wuzzuf.net/jobs/careers/Industrial Professionals general trading co-Egypt-93433
Sykes Enterprises,https://wuzzuf.net/jobs/careers/Sykes-Enterprises-Egypt-3438
Sindi,https://wuzzuf.net/jobs/careers/Sindi-Egypt-36518
IT-Gates,https://wuzzuf.net/jobs/careers/IT-Gates-Egypt-31342
Tripathon,https://wuzzuf.net/jobs/careers/Tripathon-Armenia-37809
Bill My Plate,https://wuzzuf.net/jobs/careers/Bill My Plate-United States-93394
Dakkaken,https://wuzzuf.net/jobs/careers/Dakkaken-Egypt-92265
Rawasi Holding for Investment,https://wuzzuf.net/jobs/careers/Rawasi-Egypt-93211
Misr Cosmetics - AMANDA,https://wuzzuf.net/jobs/careers/-90901
ElMehy Engineering Company,https://wuzzuf.net/jobs/careers/ElMehy-Engineering-Company-Egypt-16241
Better Home,https://wuzzuf.net/jobs/careers/Better-Homes---Egypt-Egypt-12401
