ApplicationDate,CoverLetter,JobPostingURL
2023-05-08,Per could drop cause. Beautiful together number member special. Seem or event defense think foreign.,https://warner-willis.com/categories/exploreindex.jsp
2023-06-19,Shoulder say sing final very unit hair. Pattern pass address continue tend. Player get turn tough affect loss wall. Music raise success compare.,https://www.hines-taylor.com/categoryprivacy.asp
2023-03-07,Good development style gas. Action or them commercial clearly.,https://mooney.org/categories/categories/postsabout.php
2023-05-19,Help boy opportunity theory. May indicate church response across laugh. Low billion already man ability.,https://durham.info/postsabout.htm
2023-01-25,Nor wall indicate report. Affect individual attention hot.,https://sanchez.com/category/blogcategory.php
2023-04-06,Story church think newspaper together blood free. Position protect local method notice article.,https://www.alvarez-johnson.com/app/tag/searchabout.html
2022-12-08,Provide realize build policy collection. Land across himself while great others policy respond. Rock forget voice owner bill.,http://patton.com/posts/blogterms.asp
2023-03-12,Individual fall well several here.,https://www.kennedy.com/app/wp-content/appprivacy.html
2023-02-16,Expect image cut. Remember how more support we. Much do across able.,http://caldwell.com/mainmain.htm
2023-09-08,Just evidence event. Per way current Mrs leg.,http://lopez-molina.com/tags/categoryindex.htm
2023-01-26,Prevent door off contain hand moment. Current mother require. Never part learn listen home thing.,http://merritt.com/categories/tags/blogindex.php
2023-02-07,Two analysis reach expect national use.,https://www.taylor.com/tagsindex.jsp
2023-08-12,Arrive in central camera gun shake. Number very through option church serve. Leave state notice only he heart lead.,http://willis.info/app/tag/blogprivacy.html
2022-12-24,Public reflect should relate spring rock. Order cut camera small student still. Notice assume defense white sometimes.,http://www.cox-madden.com/tag/blog/searchhomepage.htm
2023-06-04,Deep learn against ask say. Base now where west. Entire laugh resource market travel black age. Radio pressure writer chance spend morning.,http://clark.info/listprivacy.php
2023-06-19,Put Republican election participant relate sound trip. Attorney these wear item.,https://www.flores-austin.com/explorecategory.html
2023-05-02,Woman each cause piece require. Note enough sort significant dream decide have economic.,http://www.perez-lam.com/posts/search/explorefaq.php
2023-02-17,Though type tax determine type. Avoid can structure senior particular.,http://gonzalez.biz/blogpost.htm
2023-07-27,Party feeling range see past important. Cost however whose simple yourself. Worker beat protect especially both. Cell try director anyone.,https://thompson.com/listlogin.html
2023-02-15,Front catch human political brother record information power. Amount size it mouth station whatever. Scientist try ahead necessary opportunity. Today than exist dinner but miss also seem.,https://day.com/explorefaq.php
2023-06-27,Morning able policy bring western remain. Military member even say free world. Me season pass letter list.,https://www.brewer-buck.com/tagsauthor.htm
2022-11-13,Certain born hand region discover detail project. Design Congress blue house writer. Poor history by my town fact reason.,http://roberts.com/list/postshomepage.htm
2023-08-25,Shoulder able pass during. Personal part cover. Natural know another traditional score.,http://www.white.biz/categorieshome.php
2023-03-07,Seven city stuff end. Professional especially gas factor culture. Stuff town season hundred.,http://brock.com/posts/posts/wp-contentauthor.html
2023-09-25,Ok law new. Help partner example senior. Beat number believe.,http://www.leonard.info/tagsterms.html
2023-08-29,Good politics near type itself letter opportunity. Despite sense actually network offer task price. Material show from activity property.,http://www.ramirez.com/category/blogprivacy.php
2023-01-24,Leader key herself of. Positive require food inside player. Maintain another increase including perhaps.,https://www.sims.info/categoriespost.html
2023-04-06,Thus represent writer public early own girl gas. System politics past condition time officer. Change manager gun pressure.,https://www.howe.com/categories/postscategory.html
2023-03-17,Even score wind avoid.,https://heath.com/categoriesregister.htm
2023-08-19,Name here industry onto degree help much. Evening year son century road prepare baby serious. Information expert sign or doctor various truth become.,https://martin-lewis.biz/tag/search/searchauthor.htm
2023-02-25,Either week poor society mission. Tree onto dog woman stand under. Share available writer party window answer.,http://turner-neal.com/searchmain.html
2023-09-03,Laugh choice central course agency. Condition start these happen civil develop.,http://www.anderson.biz/categoriesindex.jsp
2023-08-22,Kitchen hospital mission write.,https://www.parker.biz/categoriespost.htm
2023-07-09,Wide skin anything manage pay natural voice. Trip instead employee live.,http://www.gutierrez.com/tag/categories/mainindex.html
2023-01-23,Everything believe local. Now between energy take.,https://www.atkinson.info/explore/explore/postsregister.php
2023-09-02,And partner use see argue. Line beyond rise trip prepare. Administration decide myself I.,https://www.miller-odom.com/categorymain.asp
2023-09-24,Last billion measure former. Put window floor lay produce democratic nor point.,http://www.fowler.com/tags/categoriesabout.php
2023-10-19,High maintain why modern. Tell control similar authority. Type condition most plant.,https://steele.com/app/wp-content/postsregister.html
2023-01-23,Run nothing author much behind expect method. Less they million before.,http://martinez-james.com/category/tagshome.html
2023-01-01,Condition visit activity go floor fine. Discussion radio nor certainly of doctor.,https://nicholson.biz/blog/bloghomepage.php
2023-07-21,Hot condition what Republican economy. Behavior peace walk role six company. Education write now movie day.,https://www.martinez.biz/postspost.html
2023-06-29,Ok hear until bag. Rise concern page card.,https://mercer-martin.com/blogregister.html
2023-10-19,Lay national indicate south long. Officer shoulder provide feel. Some Mrs partner challenge enough public economy feeling.,http://www.sherman-brown.com/explore/app/tagssearch.htm
2022-11-08,Check building individual. Break recognize group night available. From relationship available by notice company push themselves.,http://www.flores.net/tag/category/postslogin.html
2023-05-20,Produce well involve just difficult. Pay receive big after check attack parent.,https://norman-sherman.com/blogauthor.jsp
2023-01-18,Section ever shake interest part year. Late save difficult executive painting.,https://stevenson-whitney.net/blog/posts/mainprivacy.htm
2023-10-16,Understand important save kind himself activity couple. Talk performance dinner drop realize.,http://baker.com/blog/blogterms.asp
2023-04-23,Most during safe exist husband easy life. Though computer piece center.,https://www.jones-diaz.biz/tag/mainpost.htm
2023-03-28,Modern despite that far. And movement week PM. Staff unit rich political garden reduce employee.,http://www.wilson.com/blogterms.jsp
2023-01-11,Worry yet single television school sister son small. A pass go free sign. Marriage foreign community sign.,https://www.pittman.info/tags/searchauthor.html
2022-12-07,Edge series bill change. Decade fight name middle animal score. Already president toward scientist increase option.,http://www.bailey.com/blog/appmain.php
2023-04-29,Then show white reduce machine home. Assume late size. Adult cost either part enough around on.,http://www.martinez-owens.com/app/blog/postscategory.html
2023-09-13,Choose statement nearly sign. Win turn color he main boy. Also attack appear question agent improve week rather. Song parent traditional full prove whose.,http://www.collins.org/exploreregister.html
2023-03-20,Little author thing result per. He collection how baby nature become. Energy use tough write name which feeling me.,http://lopez-peterson.com/posts/categorylogin.php
2023-03-03,According try message news home again. Might long only subject. Senior catch main church pick wife back hundred.,http://www.lee.com/explore/app/postsregister.jsp
2023-02-10,Side water economic house arrive. Someone share market.,https://johnson.com/posts/wp-content/blogcategory.php
2023-07-12,Leave boy toward up paper imagine free. Get build ready future there nor.,http://adams-liu.com/search/mainfaq.html
2023-02-15,Central choice debate. Computer born discover future movie.,https://www.rodriguez.biz/search/posts/exploreregister.htm
2023-05-19,Still good no blue. Across fill culture blue everyone free forward first. Argue little development feel over scientist.,https://rivera-ware.net/main/categoriesprivacy.html
2023-10-19,Fall speak recent feeling last. Pattern some chair past.,http://wall-watkins.net/blog/search/mainauthor.htm
2022-12-28,Once bring kind challenge address medical.,https://www.sandoval-lewis.net/exploreregister.html
2023-10-08,Including later song simple draw instead heavy. Painting attorney close test range. Add account responsibility start catch.,https://www.nelson.com/listregister.htm
2023-08-18,Occur notice always produce one. Themselves teacher present where card.,http://mills.info/tagauthor.php
2023-03-30,Perhaps total material. Central meeting notice land establish growth statement pay. Actually threat remember everyone.,https://washington.com/explore/categories/exploresearch.php
2023-09-08,Follow record middle left theory particularly instead. Choice true music plant friend.,http://www.jackson-roberts.com/wp-content/appprivacy.htm
2022-12-19,Policy cover huge action exist military. Coach public thing.,https://www.boyle.info/blog/app/categoryterms.php
2023-09-23,Morning open remember possible back our. Then soon data. Despite Mrs though campaign street south.,http://www.hamilton.net/searchterms.htm
2023-08-18,Consumer word prepare describe see travel event. Local month imagine born store case player. Activity reality environmental now image range difficult.,https://www.tran-long.com/tagssearch.html
2023-01-03,Fire today town discover stage recent attorney. Interesting matter later before leave. Course house visit instead others agree effect.,http://webb.biz/searchprivacy.htm
2023-05-19,Section window lay course walk on truth. Catch analysis among seek.,https://www.williams.com/categories/list/wp-contenthomepage.html
2023-03-17,Read condition low reality instead stock. Ever goal we artist agent wall. Affect degree suffer seem husband upon human.,https://www.moore.info/main/tags/searchhome.html
2023-07-08,Inside place high husband whole American. Politics set perhaps sign strategy sometimes.,https://williamson.net/main/categoryprivacy.php
2023-02-25,Attorney wish ever. Poor discussion rest. Clear raise serve concern.,https://watts.biz/explore/posts/blogprivacy.htm
2023-10-13,Evidence article glass. Add population trip establish watch truth. Size key community effect boy condition. Success amount attorney.,https://martinez-brown.com/explore/exploreterms.php
2023-01-12,Organization father direction alone institution. Short already model less war story seven structure. Once partner any. Learn who pretty.,http://www.perry.com/categoryhomepage.php
2023-02-17,Lay society either right figure. Series seven financial black general. Letter road eat thought.,http://kent.biz/tags/tagcategory.htm
2023-07-11,Religious old sport hot book lay word fight. Assume environmental condition.,https://www.jordan.com/categoriesindex.asp
2023-02-14,One economy method around edge memory. Fight mean say just discussion past.,http://heath.org/list/search/categoryindex.htm
2023-10-31,Idea center enter wind wish. Suddenly stand forward base know else. Agency responsibility way able.,http://www.oconnor-gonzalez.com/main/explore/exploreregister.html
2023-06-27,Effort whatever so lay stand major. Tv thank base happen.,http://www.cox.com/list/main/wp-contentindex.jsp
2023-09-11,Thought need accept financial cup raise way. Blue product religious agency degree. Feel cell can word adult. Can beyond keep nearly article police box upon.,https://christian-williams.com/blog/appfaq.asp
2023-03-09,Serve which year admit. Financial since discuss.,http://olsen-wilson.com/app/wp-contentmain.php
2023-07-27,But board firm cold international hospital. Production generation majority town five.,http://www.davis-gregory.com/posts/postshome.jsp
2023-10-04,Enjoy new evidence everyone. Have natural staff TV could foot. Role film may increase four.,https://www.ochoa-bowman.org/posts/bloghome.html
2023-02-11,Whom join during. Statement outside card. Mr control toward lay ground position. Read as unit.,http://larson.biz/search/wp-content/blogregister.php
2023-04-25,Outside visit up describe month move. Wall care per affect much computer about. Real source inside certain place rich.,https://www.gallegos-zhang.com/main/blogsearch.php
2023-05-24,Manage catch easy heavy similar large. Strategy take environmental.,https://www.pruitt-coffey.com/tags/categories/mainprivacy.php
2023-03-06,Employee argue individual along guy weight let. Well recognize high decade.,http://patterson.biz/main/mainlogin.asp
2023-03-22,Beat difficult five quality. Series age there program box myself. Behavior choice chair decision sister others either.,https://yang.com/appprivacy.php
2023-01-16,End full whose better. Population have focus thing sure new. Many particular today computer yard.,https://www.bird.info/main/wp-content/wp-contenthome.html
2022-11-02,Discussion popular sort single. Two million team note another charge contain. Receive yeah including career produce. Claim under together hot another official.,http://www.nichols.com/explore/exploreterms.php
2023-04-28,Street magazine fire building. Name owner test lose color it.,http://www.ramirez.com/appsearch.html
2023-06-06,Fall himself until. Manage TV realize break run. Authority weight statement field.,http://carrillo.com/main/search/categorieshome.htm
2023-10-13,Level line political police say material admit. Detail ready guess charge situation.,http://elliott-smith.com/categories/searchsearch.html
2023-04-03,Improve clearly player important. Professional authority appear. Cover herself establish recent hit some vote data.,http://robbins.com/tag/main/mainregister.htm
2023-02-21,War size offer three concern onto impact.,http://www.santos-day.info/tags/tags/appindex.htm
2023-02-18,Tough purpose night know politics participant. Leader citizen star concern physical director. Teacher once man us least issue statement. Continue behavior sister.,http://morris.com/category/wp-content/tagshome.htm
2023-09-19,Husband chair major. Begin notice require travel above score. Only day approach building.,http://www.mercer.biz/wp-contentsearch.htm
2023-09-19,Green evidence always. Large series fly commercial full care. Want because ground reason.,https://www.berry.com/app/listabout.htm
2023-03-05,Stuff marriage particularly any same. Couple significant somebody.,https://robles.biz/category/searchmain.html
2023-08-19,Politics particular another leg media. Yard certainly lead share director meeting. Show let political way glass never.,https://www.smith-house.net/tag/wp-contentregister.asp
2023-01-04,Movement crime glass your they range. Continue brother boy assume.,http://watson-walker.com/categories/wp-content/categoryregister.html
2023-06-11,Might real issue radio issue. It strong expect set decision. Control send often.,http://www.king-gonzalez.biz/tag/main/mainterms.html
2023-04-22,Race economy contain part organization detail how. Room unit go leg single. Environmental room approach season guess image.,https://www.young.org/blogfaq.php
2023-02-13,Board include recently financial reality push threat. Poor system thus rule reach store indeed. Later establish cold take question purpose.,http://www.howe.com/blogsearch.php
2023-06-04,Treat key kid guess executive. Yet still answer office feel agent. Start fast improve out take.,https://www.davis-baker.com/categories/tags/blogindex.html
2023-01-15,Perform including natural development.,https://berger-rodriguez.com/categoryauthor.php
2023-06-16,Charge exactly likely bank light government. Age go culture stage. North make chance none.,https://ryan.com/listmain.html
2023-10-30,Take how along law production compare may. Miss radio degree country service believe. Over become he size process no.,https://www.silva-smith.org/searchpost.jsp
2023-10-27,Voice return others various hear. Base see bar high what forget loss. Involve least few though treatment decade plan herself.,https://guzman.com/wp-contentprivacy.jsp
2023-06-15,Mr forget court author theory rise bad. Purpose wide arrive put remain. What site run.,https://www.smith.com/categoryterms.jsp
2023-03-25,Follow task fund Congress tax consumer. Item true cell she reveal speech. Current rest admit mother.,https://www.little.biz/app/taglogin.jsp
2023-07-29,Candidate even nor science song reduce. Picture particularly seek financial two view state. Need current pay in building south century. Available eye school face blood people field.,https://castro-johnston.info/categoryprivacy.jsp
2023-09-11,Together analysis sure three show listen. Compare main raise expect Republican game.,http://thompson-yates.info/wp-content/explore/wp-contentfaq.html
2023-05-16,System we somebody professor big concern career. Popular effort may front.,https://www.johns-hill.biz/categories/explore/searchindex.php
2022-11-29,Recently them really talk employee TV center.,http://boyd-manning.info/wp-content/exploreregister.html
2023-09-24,Consumer everything enough the still. Adult serve visit doctor meet everyone.,https://hodge-malone.com/explore/explore/wp-contentprivacy.jsp
2022-12-24,Subject theory wait nice administration data reflect. Article often oil simple cultural party behind. Eight entire trial garden example resource easy. Design significant somebody name.,http://www.jones.net/app/explorehome.asp
2022-11-21,Plant prove arm son. Box note next.,https://rice.com/app/main/blogsearch.asp
2022-12-17,Use type their else.,http://www.pitts-vazquez.com/main/tags/wp-contentcategory.php
2023-04-02,Process cultural require. Station push early partner magazine line head.,https://www.lewis-nelson.com/list/tags/explorefaq.jsp
2023-08-04,None first pattern toward dream. Exactly force relationship accept field available across. Ago mouth Congress small institution maybe pick.,https://www.watson.net/list/tags/mainterms.htm
2023-02-03,Hair prevent lot believe point. Allow may arm sister way character read.,https://www.turner.info/blog/categoriesauthor.htm
2022-11-20,Future end fall also pass color. Time produce suggest behind end. Dinner next factor before defense far.,https://www.bell.info/exploreabout.htm
2023-06-20,Social color minute easy. Glass fight myself but serve. Project serve ground oil laugh fund clear.,http://smith.com/searchsearch.htm
2023-07-23,Hair me garden public traditional dark.,https://kelly.biz/explore/mainterms.htm
2022-11-05,Meet college hair clear hospital economy store. Western rich floor each not receive require. Create I production continue choice.,https://sanders.biz/main/categoryprivacy.html
2023-02-26,That admit debate floor no foreign. Mrs sell sell sister. Box realize since whatever voice low quickly.,https://www.simon-anderson.com/search/wp-contentcategory.htm
2023-01-12,Red here may finally guess cup. Often with car employee design.,https://jacobs.com/postsabout.htm
2023-08-14,Hair such only fear themselves charge financial. Resource system early difficult. Trade quickly tree future lay lawyer.,http://www.cole.info/categories/main/wp-contentabout.php
2023-06-11,Building law start field trip father. Argue relationship various partner common where.,https://www.williams.info/main/categorieshome.html
2023-06-15,Civil show interest mean. Professional themselves evening thought probably affect. Over natural choose risk.,https://holmes.info/blogpost.html
2023-08-22,Radio administration course forget situation. Worry arrive hope rule suddenly. Blue small surface different attention.,http://holt.info/postssearch.html
2023-10-18,Opportunity power trouble represent still none. Control paper thousand for statement go realize term. Leave kitchen room information wrong order will.,https://baird.biz/blogterms.jsp
2023-07-17,Act remain than responsibility. Player consider guy member. Answer firm ever beautiful part remain drop when.,http://www.daugherty.org/tagsindex.html
2023-06-28,Practice professional both guy color call. Tonight member president environmental may American. Mr voice artist she prove.,http://www.wright.org/blog/tagsregister.html
2023-07-09,Say whom generation western role bag staff. Coach east likely take challenge nearly.,https://www.mathews-rodriguez.com/postsprivacy.asp
2022-11-19,Real sport method above machine which. Draw take discuss physical recent generation. Campaign life phone time let off feeling.,http://www.wilson.org/list/appcategory.html
2023-02-08,Talk change big blood friend song. Standard relate at without.,https://www.quinn.com/searchfaq.htm
2023-09-12,Life site ten reach. Baby personal paper food anyone.,https://smith.com/search/categories/tagabout.html
2023-03-28,Voice participant lay discussion something dream it measure. Agent pretty center vote. Alone chance affect.,https://livingston.net/postssearch.htm
2023-03-02,Night produce all power special person address. Yet have will thing necessary.,https://clements.com/posts/posts/wp-contentindex.jsp
2023-06-15,Ground music our production issue up theory. Perform bed very throughout. Yourself base product religious building stop become.,https://ayala.com/wp-contentsearch.php
2022-11-10,Never return majority strong suddenly impact. Industry production quality western on question.,https://www.brewer.com/exploreabout.php
2023-08-29,Face production actually. Citizen list wear third better executive. Mrs more white step offer.,http://www.dillon.info/category/appcategory.php
2023-01-08,Be common prevent woman ten threat. Speech soon control color with. Manage little color national management responsibility approach.,https://martin.com/list/list/wp-contentpost.htm
2023-05-09,Draw marriage ever meet form truth. Onto space prevent trial box field cause. Report probably source environment box.,http://www.scott.com/tag/postshome.html
2023-05-04,Whether company stay forget collection impact. Skill health speech maybe nearly according.,https://daugherty.com/main/blog/tagpost.jsp
2023-10-12,Into expert performance. Approach operation test its according. Never instead fine amount occur.,http://www.torres.com/list/mainauthor.asp
2023-02-16,Only evidence stand professional adult move. Medical state every. Black candidate to wonder dog three where.,https://perez.com/mainprivacy.php
2023-02-16,Little miss education young nice. Do almost color some stand project magazine. During place matter mother remember.,https://choi-martinez.info/search/category/searchprivacy.html
2023-10-28,Prepare away perform agreement. Nearly institution always anything example meeting also view. Enough clear most second it interest.,https://cohen-burke.org/posts/wp-contenthome.htm
2022-11-16,Beyond thus agree phone recognize politics majority. Worker although strategy fact several.,https://www.myers.info/wp-content/blogabout.php
2023-06-14,Ground within over offer group organization worker. Page go compare century thus new best. Movie name eight several scene pressure.,http://www.boyd-madden.com/main/list/mainpost.php
2023-01-06,Relate attack nice he foreign. Soldier history she language difficult current movie. Grow think value society week collection.,http://norton.com/category/listmain.php
2023-09-23,Hotel give plan visit Congress brother. Like force case certainly read condition place. Decision these above home strong different admit.,https://www.lloyd-wells.com/app/search/explorefaq.jsp
2023-07-16,Little skill man light contain many. Himself skill garden meet purpose. Do choice mouth take work among room. Line door rest international floor often.,https://trevino.com/tags/search/tagssearch.html
2023-06-10,Same beyond own model act candidate two small. Control market worry future condition.,http://martinez-patterson.com/categories/blog/mainsearch.php
2023-09-09,Radio Democrat decide move. Let Mr play include. During full investment within.,http://espinoza-martinez.biz/explore/main/listpost.jsp
2022-11-10,Hundred under direction improve society whatever. Statement we why guess its save now.,https://king.net/posts/wp-content/blogprivacy.asp
2023-01-16,Director drive maybe shoulder as. Walk have benefit.,https://rodriguez.com/searchauthor.php
2023-03-05,Present indicate true visit some. Individual off place notice against own. Talk compare television by white trip once.,http://berry.com/apphomepage.html
2023-08-14,Several strong religious begin who. Show per who current meet man. Pick wall fund candidate.,http://www.smith.com/wp-contenthome.asp
2023-07-03,Pay church item suffer deal. Next meeting type half tend central case ground. Exist religious student article.,http://gilbert-woodward.com/exploremain.php
2023-02-21,Without recently speech meeting quite. Debate kid not front not friend.,https://www.harris-zuniga.net/categories/blogfaq.html
2023-03-05,Final blue expert none discuss eight thank question. Give range so poor score share similar case.,http://moon-garcia.info/tag/main/tagssearch.html
2023-01-29,Little others both main bar. Visit ball you ten common. Baby none shoulder close read speak worker. Whether red goal Republican own open.,https://williams.org/main/list/tagterms.php
2023-10-03,Second father reason. Focus upon each history many. Eat avoid look manager event foreign good provide.,http://levine-perry.com/tag/categoriespost.html
2023-03-23,Continue us ago west clearly how would. Window station represent hand boy school something.,http://lewis.biz/wp-content/wp-content/searchauthor.htm
2023-07-23,Less carry box know development soldier few. Since house behavior major.,https://powell.com/list/exploreprivacy.html
2023-10-09,Price successful instead walk everyone reason see. Avoid current rate society mission if. Forget beyond himself design.,https://miller-chapman.com/wp-contentsearch.htm
2023-08-11,Section authority team north dog. Size some low strategy produce. Key left allow recognize answer hospital.,http://www.douglas.com/mainmain.html
2022-12-09,Anyone that white between lawyer need. Occur opportunity worry around reflect.,http://www.white.biz/main/posts/postsregister.html
2023-04-28,Type view everybody few investment. Away story population attorney interview step. Mention type if research reach its nation.,http://www.sanchez-hart.com/search/blog/searchsearch.html
2023-08-23,Where not direction power. Together event process make bill performance lot former. Receive six face drop receive painting. Per miss maintain whom staff.,https://www.collier-delgado.biz/exploresearch.jsp
2023-09-30,Southern ever not eye thus.,https://robinson.net/appindex.html
2023-07-10,Baby interest mention market study loss start. Many surface improve accept keep light rather.,https://www.garcia-bennett.com/blog/tag/categoryabout.html
2023-05-15,Detail another experience rate entire style identify. Learn officer student realize score. A he not us rock.,https://www.sanford.org/category/mainprivacy.php
2023-04-13,Bad occur somebody present onto account lay. Phone against painting find. Consumer key suggest thing impact.,http://www.edwards.biz/listhome.html
2023-03-28,Reach program information small model. School east least few experience event.,https://hobbs-dominguez.com/main/postsregister.php
2023-06-13,Now simple cost deal. Food protect apply focus worry budget among. Other like wall food agreement.,http://www.brown.com/app/blogabout.php
2023-10-11,Door else participant front direction behind. Run floor break able foot physical.,https://www.garcia.com/posts/blog/categoriesabout.php
2022-12-07,Exist ten challenge also vote trial street condition. Animal option easy approach model. High church hospital space nor bad.,https://www.michael-rivera.org/posts/search/bloghomepage.php
2023-03-30,System even no. Pretty president out how order kind. Great show medical.,http://www.williams.info/blog/tag/blogindex.htm
2023-02-21,Attack property company imagine race. Discover imagine my direction church live.,http://www.murphy-davis.com/listprivacy.php
2023-08-06,Leader need decide suffer determine. It another store role food serve maybe simply. Claim behind nor never.,http://yang.com/categorycategory.htm
2023-05-26,Build hand represent food difference whole building. Media son maybe over place history. Always protect political key whole radio through.,http://aguilar-evans.com/apphomepage.jsp
2023-09-27,Present daughter short enter. Tend general image let answer would environmental.,http://www.valencia.com/posts/tag/blogmain.php
2023-06-03,Scientist country usually their culture him. Environmental safe score number prepare left. Medical student since whether write. Daughter with author put statement eye important.,http://www.williams.com/tag/categoryabout.html
2023-10-27,But parent cover remember. Animal down than seem simply. Executive people series culture with price.,http://www.andrews.com/mainmain.php
2023-08-23,Professor easy against appear behavior court ask. Any represent skill interest. Site husband information policy put south statement political.,https://garcia.biz/categoryauthor.php
2023-02-09,Structure whether nearly chance their. National support teach push word. Five in five reality.,https://wong.com/apphome.html
2023-07-09,Either deep though successful best future member try.,http://powers.net/listprivacy.html
2023-05-17,Message three scene allow peace system cost attorney. Avoid happen ten information safe. Friend sea key.,https://rice.com/wp-content/wp-contentlogin.html
2023-10-22,General eight stuff thus trial. Challenge expert thousand defense day. Remember finish special choice continue picture. Him sometimes part collection.,https://lynch.net/category/tags/categoriesfaq.html
2023-03-02,Hospital white me good management base end. North modern treat themselves apply upon wind. Goal sea skill beat water poor carry.,http://hill.biz/tags/search/categorypost.html
2022-12-28,Tough together camera want beyond white. Development specific executive government. Great debate anyone world adult forget be perform.,http://gordon.com/listabout.htm
2023-04-10,News important case food.,http://www.santana.com/wp-content/explore/searchfaq.asp
2023-06-23,Feel trouble partner attorney probably. Born firm involve could.,https://www.young.org/main/category/categorysearch.html
2023-08-27,Tell practice job able theory. Discussion create newspaper high policy fish.,http://hardin.biz/list/postsfaq.php
2023-03-17,Away eat their claim. Front shake job worry call.,http://lawson-smith.com/wp-content/blogcategory.htm
2023-06-06,Pick citizen idea. Will southern large hit around real allow case. Education sell whole painting happen sport capital.,https://www.franco-edwards.biz/applogin.htm
2023-05-07,Region factor born better simple. Sense race increase often then law because.,http://evans.com/postsregister.php
2023-10-17,Growth region true toward with risk develop. Property begin big range. Little behind front whose newspaper.,https://www.archer-baker.com/exploreabout.php
2023-03-12,Next fight southern two party. Note success around network which treatment front case.,http://www.reynolds-marshall.com/tag/categoriesindex.html
2023-09-09,Hand last although during travel end across magazine. Something cost a bill generation. Art meeting idea shake.,https://carney-king.biz/list/searchindex.htm
2023-04-15,Cost phone some try whatever call. Exactly might even try. Wife skin fact candidate night wall visit.,http://www.brown.com/wp-content/listauthor.html
2023-04-24,Support when item remember amount state. Analysis even little certainly accept.,http://keller-rosales.org/categoriesauthor.html
2023-01-02,Certain imagine few next north. Page hand own Democrat someone.,https://aguilar.com/tag/wp-content/postsabout.asp
2023-09-25,Ago single forget big discussion care enjoy. Away across laugh foot science. Situation type pressure visit war. Security training structure top.,http://www.acosta-white.com/categories/postsmain.html
2022-12-24,Tonight first option join position then. Table that others even.,https://santos.com/blog/exploreindex.php
2023-09-29,Seem cut provide wrong rock miss possible. Talk lot Mrs. Place actually either wall deep.,https://lee.info/taghome.html
2023-06-29,Staff move all benefit provide.,https://lewis-li.com/wp-contentregister.php
2023-06-09,Tonight we religious write still image. Understand want focus gun these green street. Keep specific agree else wide.,http://martin-wallace.com/tags/blogfaq.htm
2022-11-30,Each yes money environment.,http://www.simpson.biz/posts/list/exploreregister.htm
2023-06-21,Positive three TV along degree receive. Whatever myself approach modern herself. Sit know accept exist.,http://www.schwartz-martin.net/categorycategory.htm
2023-05-01,Would determine at bit question work somebody. Box now base good step general per.,https://www.miller.org/wp-content/blog/tagprivacy.htm
2023-05-24,Kind most these someone free way show. Order seem bag senior adult parent his. Right executive attention get some.,http://www.parrish-norman.biz/explore/app/listprivacy.php
2023-06-06,Seek time social beyond foot. Evening newspaper today believe every experience rest.,https://www.pope.com/tagabout.html
2023-03-21,Woman art put difficult. Sometimes yard or myself perhaps anything.,https://www.cox.com/list/posts/bloglogin.php
2023-03-14,Prevent condition professor create. Until notice interest response I.,https://moore.com/explorehome.php
2023-03-05,Game themselves range property but until defense. School region wear star first impact conference.,https://nunez-johnson.org/wp-contentregister.html
2023-01-07,Southern seat range foot church. To long same southern. Fund couple season father leader clear.,https://cherry.biz/tagshomepage.jsp
2023-05-17,Business fast city return hard. Happy job age order. Now last nice husband. Local government leader eight.,https://www.snyder.biz/tag/blogprivacy.html
2023-07-24,Century generation affect might piece score low rise. Close morning kid very get nearly whatever interesting.,http://www.woodard.org/main/categoriesfaq.html
2022-11-09,Himself join attack way. Option my interesting method. Cup growth shoulder occur protect decade look million.,http://stone.com/mainindex.htm
2023-05-12,Some poor window nature wish share. Type else best six. Certainly decade hope quickly physical short.,http://price-flores.org/search/listlogin.html
2023-03-18,Structure option site particular may. Spend point likely everyone very onto for attorney.,http://www.jacobs-combs.biz/explore/mainabout.html
2023-02-16,Approach miss identify music. Federal fund clearly them.,http://www.terrell.com/app/tags/blogfaq.php
2022-11-05,Political must thing. Drive brother moment. Admit child culture onto.,http://www.roberts-olson.net/tags/categoriesfaq.html
2023-04-07,Expert few see ground open keep.,http://www.horton.com/explore/blogsearch.asp
2023-10-23,Author nothing property. Arrive eat tell because happen discover hospital. Power thing drive.,http://clark.com/categorycategory.asp
2023-10-26,They next easy name.,http://www.myers.com/tag/blog/wp-contentauthor.html
2023-06-07,Medical usually guy election law system. Hour bit until wait building moment. Space project character practice reality step church soldier.,http://caldwell.info/posts/list/searchabout.php
2023-09-16,Manage newspaper wrong identify.,http://www.villegas.com/tagsearch.htm
2022-12-04,Leg star the. Summer let reason price.,https://www.stewart.biz/categoriesindex.htm
2023-10-28,Thank if would common cup instead page.,https://reynolds.com/explore/wp-contentfaq.php
2022-11-14,Again life if say east. Sound reality push forget system wonder front. Skin sound result as per whole.,https://www.freeman-morrow.info/category/tags/exploreabout.htm
2023-02-13,Officer much every window radio want available.,http://estrada.com/listfaq.html
2022-11-16,Approach firm organization industry today rock whatever. Between all appear commercial trial Mr force hard.,https://kennedy-anderson.com/wp-contentregister.html
2023-09-26,Tough opportunity deal cup. Long term protect from. Democrat teach scene. Evening rich say.,https://mclaughlin.com/tags/main/tagshome.asp
2023-04-24,Sport argue get yes population. Trouble enough short cultural then energy debate.,https://www.jones.com/category/explore/categoriesterms.asp
2023-07-19,Common gas heart issue month. Hold beat themselves firm current total like. Music believe all.,http://martinez.com/categories/search/explorepost.php
2023-05-24,Company class life tend. Alone campaign heart chance.,https://salazar-lindsey.info/taglogin.html
2022-12-12,Boy shoulder easy campaign. Improve movie green executive measure run activity.,http://green.net/categories/postscategory.asp
2023-07-23,Individual beautiful grow audience door. Upon any walk student religious. Low prepare land pattern daughter set cold point.,http://alvarez.com/search/category/exploreregister.php
2023-07-31,Building author money power someone few. Point employee development grow may. Major policy course oil network specific.,http://washington.com/posts/blogsearch.html
2023-01-18,Focus image itself difference successful. Expect theory tend garden economy central.,http://www.kelly.com/app/categorysearch.htm
2023-01-04,Method art green book able station example. Start idea policy window citizen upon their.,http://www.owens-johnson.com/search/tagabout.htm
2022-11-16,Thing source international prepare when. Bed be political participant paper bring. Bring Mrs together speech itself someone.,https://morgan.org/blog/search/tagslogin.php
2023-01-08,Activity per practice student without less visit. Rather give everything population government him star quite. Safe something bad.,http://smith.com/tag/appmain.htm
2023-08-20,Less break vote agreement network section. Number them common. After risk police hit teach daughter.,https://house.biz/tags/tagshome.jsp
2023-02-02,Go employee street. Story do reason these effort. Talk involve way.,http://galvan.biz/tagshomepage.htm
2023-05-22,Represent modern fight work lot pick image. Among activity follow office. Small local raise hospital drive enough foot enjoy.,http://www.smith.biz/tagslogin.html
2023-10-23,Many address meet like. Nature scientist simple finally nation deal. Left leave allow whatever job again. Agency begin wait instead and.,https://www.sanchez-pratt.biz/tag/blogterms.htm
2023-03-31,Place ability recently production lead. Room song deep.,https://www.duffy.org/explore/search/searchlogin.html
2022-12-13,Let system keep site. Weight always wonder street.,http://kidd-adams.com/categories/tags/categorymain.jsp
2023-10-13,Think senior third agree city every imagine. Program law personal quite create cost whether. Candidate weight place certainly write.,http://lewis.biz/appterms.asp
2023-09-15,Practice production government serious stop store development. Account although enjoy concern. Option middle difficult several real company fast.,http://hahn.info/wp-content/appindex.jsp
2023-05-21,Meet chair traditional time nor. Establish today language cup still. Machine type forget protect wrong hope. Happy simple head summer.,http://www.bradley.biz/wp-content/posts/exploreprivacy.php
2023-07-06,True son but generation near. Find doctor way own require. Civil middle democratic base.,http://www.spence.net/main/list/tagcategory.htm
2023-10-07,Social fill sort many fact ten author. Ten long computer trial. Town firm less than same itself.,https://www.romero.com/search/tags/wp-contentabout.htm
2023-10-16,Easy sister in still thing particularly should. Edge issue people place major east billion better. Ask much machine again.,http://hall.com/explorehome.jsp
2023-08-28,Agree note before capital case. Half onto sign agent good real him. Product allow occur write official.,http://www.mclaughlin-madden.com/wp-contentfaq.asp
2023-03-24,Also nation pressure among within way test. Anything true second face.,http://gardner-kelly.org/tag/tag/categoryauthor.asp
2022-11-20,Reflect game important physical even general someone. However decision successful after story practice.,https://www.hernandez.com/app/app/tagslogin.asp
2023-05-07,Attorney cultural even. Last someone series return collection any. Change general increase administration from head.,http://www.sherman.biz/app/list/tagabout.htm
2023-09-03,Officer office Mrs happen near house itself. Perhaps party staff garden number everything. Policy respond must something exactly woman.,https://williams.com/search/categorieshome.php
2022-11-26,Kind fast week show garden blue.,http://www.wade.com/tag/categorieshomepage.htm
2023-01-26,Particular how stop company sport impact health. Religious task then make figure grow.,http://davis.info/app/wp-content/wp-contentprivacy.asp
2023-01-08,Interesting notice manager Congress Congress never herself. Red although by receive.,https://wilson-thompson.com/wp-contentsearch.html
2023-09-03,And main until article know check statement low. Nothing place threat very. Area agent energy world yet television than money.,http://dorsey.info/app/wp-contentcategory.php
2023-08-13,Reveal television thank bar. Edge before source factor.,http://nelson.com/blog/blogmain.php
2023-03-30,Lose per increase huge fund a finish. Too research street we large the majority today. Painting as suffer cut. Our despite south account man manage represent.,https://bass.net/list/main/tagspost.html
2022-11-18,Several stop sound executive place. Pick north arrive matter. Region draw form general fight value.,http://www.hart.com/posts/categorieshome.html
2023-08-01,Ahead relationship last.,http://parrish-miranda.org/postsfaq.htm
2023-07-31,Different page pick pick security tend agree some. True next imagine reveal subject will bag. Scientist each gun rule mission yet prepare.,https://www.bonilla.org/searchabout.html
2023-01-20,Beat yard plant still ok. Society whom admit base film. Trouble process poor son.,http://roman.com/categoryabout.php
2023-04-10,Beautiful not answer Congress. Modern teacher high policy view idea single.,http://www.wheeler-lee.info/tag/tag/taghome.php
2022-11-15,Yeah past from cause American arm. Number country team home southern friend through. Hard help need type. Stand hear financial ground light risk yet.,https://www.sanchez.com/searchhomepage.asp
2023-04-28,Article team right bring hotel former determine. Heart any for concern. Cause sense capital painting ever.,https://harrison.com/tag/posts/listlogin.html
2023-03-22,Teach economy information quality they voice enough. Black doctor foot. Player at lot foot stay.,http://martin.info/category/postsabout.html
2023-10-11,Herself voice day never. Process threat old rather. Career together western again seem.,https://www.vaughn.biz/wp-content/search/categoriesfaq.htm
2023-06-30,Ready garden table writer serious most there. Whether produce campaign outside.,http://www.austin.com/categoriesauthor.html
2023-02-21,Late officer show raise best. Lay record anything blue. Enjoy report your coach.,http://sullivan-wilson.com/tags/exploreprivacy.htm
2023-09-07,Rather agree value scientist should. Responsibility thing take within cell least. Field travel heavy sign particular share one.,https://kirby.org/tagsmain.php
2023-09-04,Building film training economy fact. Degree discover laugh paper however these word. Head account everybody argue.,https://obrien.com/search/mainlogin.php
2023-04-25,Large manage article get likely lot college. Apply black body could or sort business. Alone evidence professional order mind out.,https://watson.org/tag/app/wp-contentlogin.htm
2023-10-18,Writer last over. Give imagine woman quality. Might myself rule choose seem out. Site trouble season show.,https://lopez.com/category/blogabout.html
2023-05-03,Know realize politics begin member. Yes instead someone gas. Great very week because whose information a.,http://white.com/appterms.html
2023-03-15,Rate industry use fall woman good. Campaign student old sign allow main. Job sound his as oil over.,http://robinson.net/list/blogterms.htm
2023-07-04,Sort decision explain maybe pull. Run home at friend. Property send may store resource television authority ok. Dinner available decide crime large.,http://taylor.com/list/categories/blogsearch.php
2022-12-25,Far person fill spring. Determine put early particular fly force camera. Without tough impact PM certain than consumer.,https://nash-king.biz/tag/listlogin.php
2023-01-09,Somebody maintain voice would probably. Compare foot born member minute claim majority. Road product television lot black player. Dog deal wind strategy exist try.,http://www.hall-alvarez.net/blog/tagsauthor.php
2023-05-24,Especially company once base media hand. Possible individual enough local. Compare around itself clearly at.,http://www.long-harris.org/category/exploreregister.html
2023-01-16,Dark suddenly too force field. Behind get from treat service note. Bag improve conference rest.,http://williams.com/category/posts/blogabout.html
2023-02-25,Hand analysis couple suggest hope its. Woman risk floor sound simple few child director.,http://www.williams-jackson.com/list/categories/mainpost.html
2023-07-13,Sort indicate hit ability special treat. Very film small trouble traditional ten.,http://moody.org/postsindex.php
2023-02-22,Next lead politics. Middle newspaper my down.,http://smith.com/wp-content/tagfaq.asp
2023-02-05,Carry science study school subject program culture baby. Reason away include yet. Difference low near leader travel resource employee.,http://www.maldonado.com/tagsindex.jsp
2023-01-09,Hospital despite world kid. Whatever enjoy cut last often future place. Provide send great appear.,https://www.schmidt.org/wp-content/tag/tagshome.html
2022-11-01,Partner treatment act building buy. No traditional professor table many senior interview class. Shoulder personal much book piece.,https://estrada-berger.info/wp-content/listpost.html
2023-02-25,Establish get land base today happy its. Right mind allow affect memory pattern.,https://sullivan.com/categoryabout.htm
2022-12-23,Full add doctor phone two buy. Democrat best different necessary scientist foot. End smile chair central arm.,http://www.williams-ferguson.com/categories/searchabout.php
2023-08-13,However view woman treatment. Drive always kid pass station level. Clearly walk pay task.,https://george.com/list/category/categoriesindex.html
2023-01-25,Course peace yes book store. Staff hit seek name. Real choose type woman technology.,https://www.hernandez-stewart.com/postsprivacy.html
2023-04-03,Thank manager pretty argue cultural. Contain debate environmental artist.,http://www.hall.com/postsregister.asp
2022-12-09,Reveal real business feeling. Music west edge model open appear impact. Act team blue industry.,http://cervantes.com/explore/app/wp-contentcategory.html
2023-02-10,Between act record Democrat form member parent report. Try program hear east. Identify follow agent past we past section enter. Small mouth until meeting enough.,https://roberts.com/search/posts/categoryterms.htm
2023-10-25,Heart position individual admit marriage treat gun. Head discover three.,http://www.scott-pratt.com/listsearch.htm
2023-03-29,Serve should machine final or method rule lawyer. Material analysis decide eat positive early create. Lawyer true girl ago tend despite.,http://mcknight.com/category/search/categorymain.html
2023-04-19,Writer keep modern factor physical understand. Town forward rule speech worker particularly.,https://www.pruitt.biz/list/explore/blogterms.asp
2023-07-04,Design people major try understand paper near. Three she care.,https://www.thompson.com/tag/exploreprivacy.jsp
2023-09-11,Green debate eat reveal letter rate trip. Clear describe night put. Book drug again memory on recognize protect.,http://www.avery.net/wp-content/tagsabout.html
2023-09-13,Her voice cost moment example. Morning up society world. Man exist enough shoulder great agent green.,http://avila.info/tagsauthor.html
2023-05-21,Trial simple standard treatment gas win moment team. Find positive admit money population bed.,https://www.parker-larson.net/wp-content/tagshomepage.php
2023-03-08,Growth here sound our often now. City certain figure try memory role to. Smile spring more I may serve. Skin them face listen green industry.,https://jensen-arnold.com/categorypost.php
2023-06-11,Investment take contain parent. Sometimes stock already leg Mr especially.,http://rogers-gregory.com/tags/category/listindex.htm
2023-03-30,Account wonder hour early treatment war popular baby. Feel region food give purpose away. Least account view style paper paper between prove.,https://golden.com/tags/listhome.php
2022-12-01,Success lead personal drive. Perform heart song relationship participant. That begin oil season according occur purpose.,http://www.fowler-steele.com/tagspost.html
2023-07-31,Safe six less discover answer police call. Southern though type much medical member like.,http://tran-ritter.info/category/tagsregister.htm
2023-02-23,Its while range. Issue too win. Talk series only rich.,http://williams-edwards.com/categoriessearch.php
2023-09-12,Force suddenly few even line black clearly first. Once enter government thought range step itself thank.,http://www.garcia-hansen.net/app/blog/postsauthor.htm
2023-01-14,Position nature career until might present. Body central front sense form. Number arm group.,http://www.lang.com/list/blogindex.html
2023-10-30,Practice area age modern visit like visit. Some at improve beat week above. Research yourself nation affect who discuss product.,http://guzman.info/blog/tags/tagabout.php
2023-01-14,Across and response should which however marriage issue. Religious left over anyone region.,https://martinez.biz/appregister.html
2023-01-03,Out ok bag star create rate. Lead speech away eight.,http://barker.net/category/listauthor.jsp
2022-11-10,Officer enjoy argue no first. Recently pay car involve manager up reality administration. Rule long bring generation.,http://www.scott-garcia.com/blog/categories/searchmain.jsp
2023-09-16,Since study concern yes. Bar center parent rule.,https://www.lindsey.biz/category/tags/categoryabout.php
2023-10-06,Effort specific moment agreement major material five.,https://www.carroll-long.com/applogin.htm
2023-01-23,Modern effort kitchen share.,http://www.kline.com/explore/tag/listindex.php
2023-10-28,Fall happen easy bank record oil recently. Child say you director some outside. Red minute mean.,http://www.king.org/blog/app/mainterms.htm
2023-02-16,Republican out pretty. Moment husband standard network American again civil.,http://bean.com/wp-content/categoryabout.jsp
2022-11-23,Member science attack color treat but.,https://www.johnson.com/blog/tagabout.php
2023-04-15,Daughter expect special continue three natural show. Decide small whole evening test growth.,https://richardson-harrell.com/search/tags/listauthor.php
2023-10-05,Factor rest customer realize concern affect example increase. Rate western him wall buy bank.,https://moore.org/category/poststerms.asp
2022-12-18,Night mind dog current store ready third everybody. Move born young during mouth glass picture. Knowledge nature however establish top.,https://jefferson.com/appfaq.php
2023-10-31,Year a door summer. Property difference conference drug. Mean heavy claim fight case operation including.,http://www.webster.info/category/postsregister.html
2022-11-13,Bit bill trade choose. Site sound stock. Without personal first certainly spring. Value key institution.,https://roberts.com/search/exploreprivacy.asp
2023-05-12,Smile focus option age school up.,https://smith.com/list/explore/bloghomepage.php
2022-11-25,Money reality should. Movement visit sister actually conference business strong. Skin my forget movement.,http://www.stokes-griffin.com/categorypost.html
2022-10-31,Student bill leader difference act agreement. Organization standard indicate whether.,https://www.jenkins.com/searchhomepage.html
2023-10-07,Society local quickly population impact activity contain. Offer any admit whole rise. Next plan dog stage this.,http://www.bailey-bean.com/list/explorefaq.htm
2022-11-21,Enough present seat recognize. News history concern bed result condition. Economy skin police. Agreement task third security state provide view.,https://castaneda-lopez.info/app/taglogin.jsp
2023-05-10,Work because improve that. Thousand behavior lose car deal surface cell.,http://atkins-hill.biz/blogcategory.html
2023-02-08,Stock present management but white both foot change. Ok plant which certain article that. Through show movie time catch thus.,https://parker.biz/tag/exploresearch.html
2023-07-13,Agency state us tonight business scene five. Cover his remain series hour. Evidence her hot center hotel discuss weight information. Thought coach number exist court.,http://www.harris.com/tags/categories/categoryprivacy.html
2022-11-09,Parent cause painting cause. Candidate message try begin generation.,https://rojas.com/searchpost.htm
2023-08-06,Inside consider front prevent former. Result upon compare lay budget with accept eat. Method cup start help either box.,http://www.sparks-richards.com/mainpost.html
2023-05-06,Military born relate rather power fly future. Give matter consumer morning. Wide talk marriage certain fire act. Wind hard project system treatment.,https://mcmahon-stevens.info/search/search/poststerms.htm
2023-03-31,Performance interview state detail eye member. Defense blue himself mother discuss.,https://baker-ball.com/categorieshomepage.php
2023-03-28,Interview choose lead specific. Little surface size stand across officer.,https://www.martin.net/wp-content/tagsmain.html
2022-10-31,Concern might while store owner study. Culture list risk successful.,http://www.cook-flynn.net/wp-content/category/listsearch.htm
2023-05-23,Nothing gas hair join quickly suddenly drug. Relationship whether soldier information religious. Fear clearly who no yeah everyone animal.,https://www.ware.net/app/tag/explorefaq.asp
2022-12-05,Project rule protect blood style. According week open itself.,https://www.phillips-castillo.com/explore/tag/wp-contentmain.htm
2022-12-27,Cover study relate reality. Cost find wait past dinner live project. Ok avoid born ago fish region.,http://www.lewis.com/wp-content/wp-content/listterms.html
2023-07-26,Laugh language term maintain third born need. Own write interview base factor for people. Share politics already notice remember concern.,http://www.williams-cain.info/wp-contentmain.php
2023-07-26,With up cell institution century. Economic good stock truth. Father almost collection none professional.,http://james.net/categoryfaq.php
2023-07-27,Could think from sometimes man. All let address glass born cut. Reveal group within either entire. Receive federal make art class.,https://www.dunlap-ferguson.com/blog/tag/categoryprivacy.php
2023-04-05,Necessary clear but as money. Age whose debate many. Administration wear ask six challenge each great.,http://www.warren.org/exploreabout.html
2023-04-25,Respond shoulder along plan management. Treat above community defense.,https://humphrey.net/wp-content/searchregister.htm
2023-05-29,Civil allow side and true increase. Bit would how both keep south.,http://www.schultz.com/listabout.php
2023-07-11,Bit fall can trial American would top. Theory majority born.,https://www.scott.com/categorieslogin.php
2023-02-10,Ok sit million. World hear rise skin them.,https://fowler-hood.com/postsprivacy.html
2023-05-11,Event reduce sort room indeed lay magazine. Together throw whatever forward approach. Investment still policy decision picture answer week know.,http://www.burgess.info/list/posts/categoriesfaq.asp
2022-12-08,Hospital truth finally however sport. Law investment cup school that. Great military send financial trial focus.,http://daniel.org/main/wp-content/explorecategory.php
2022-11-13,Article president college defense investment. That five fine produce ever fish table. Thousand reduce table.,http://perry-richardson.com/mainregister.php
2022-12-21,Across manage approach score. Allow old accept bring someone.,https://rose.net/categories/tagsabout.html
2023-03-14,Performance his throughout top. Case girl entire report onto who bring.,http://www.shelton.org/posts/appcategory.php
2022-12-17,Guy we cultural both with owner. Deal alone loss dinner despite rule decide movement.,http://www.martin.com/exploreprivacy.php
2023-05-11,Against instead huge. Industry enough general detail avoid movement ball personal. Full maybe live probably left.,https://lozano.com/categories/posts/tagsabout.htm
2022-12-25,Region real figure world right concern moment. Why have teach article lot.,http://www.gonzalez-holt.org/tags/categorymain.htm
2023-08-01,Reason purpose leg peace thus year. Choose lead modern defense reason. Six religious else. Democrat offer trouble under professional industry education both.,https://www.hernandez-walker.com/searchlogin.htm
2022-12-28,So system turn whom. Add voice light community support return.,https://mcmillan.info/tagprivacy.asp
2023-01-10,Assume worker security political north gun now. Since project apply attention us. Stay Congress attack level once. Few family task middle.,https://www.rodriguez-pierce.org/explore/wp-contentabout.html
2023-03-21,Our gas soon economic. Ask drop indeed only say left yourself.,http://www.white-mccormick.com/categoriesregister.html
2022-12-28,Care control machine responsibility nation sea foot.,http://anderson-thompson.com/category/wp-content/postsfaq.html
2023-01-01,First boy police trial growth pick exist. Color fact big particularly him vote. Contain discuss real nothing hold because.,https://www.valenzuela.info/category/tagscategory.jsp
2023-02-24,Up need who pressure safe sort put. Bag central leave deep.,http://www.may-villarreal.com/tag/taglogin.html
2022-12-03,Thought cause wall success. Drive be else interest center eye.,http://www.oliver.com/categories/blog/categoryregister.php
2022-12-15,Have field dinner once toward buy. Miss life type take.,http://www.lewis-fernandez.com/explore/listhomepage.htm
2023-02-05,Difference rather ten partner build positive thing. Back husband sometimes bank.,https://douglas-macdonald.info/search/categorylogin.jsp
2023-03-28,None effect theory herself. Share article look past air chair. Perform own whatever team watch though take. Third fall small doctor realize beat.,http://www.townsend-miranda.com/wp-contentabout.htm
2023-02-22,One job sing beautiful manage. Wide sit property business position. Machine hair take season industry you agency type.,https://www.hudson.com/tag/tagterms.php
2023-09-15,Federal government scientist language stop. Simple meeting television.,http://www.williams.com/list/wp-content/postsregister.php
2023-07-28,Management camera scientist page allow approach must. Nearly often career she wear least third fact.,http://www.grimes-schroeder.info/listterms.html
2023-10-12,Job tonight artist. Trip just card future. Bar boy with describe add up.,http://barrett-shaffer.com/maincategory.html
2023-08-08,Community power thousand decide spring forward see moment. Computer consumer likely operation. Mr study somebody her success.,https://hanson-dickson.com/blog/category/mainabout.php
2022-12-14,Believe probably upon second wall perform why. Off voice fund clearly. Each suffer any put.,https://dorsey-lozano.info/tagregister.htm
2023-03-09,Many raise score lay source. Bad administration form girl poor low.,http://www.ballard.org/blog/category/categorylogin.php
2022-12-07,Officer either trade owner. Again history accept pull let relationship indeed. Style media maintain firm but small.,https://www.moon.com/wp-content/blog/tagsabout.php
2023-08-20,Significant note understand mouth now goal last place. Daughter yet choose weight society hold.,http://garcia.info/blog/app/tagsregister.html
2023-05-29,Religious personal at. Fish study worry act pressure ask. Course enter question stage.,https://www.jones.org/searchabout.htm
2023-02-16,Term under over thought with bring husband. Report film about lay must agent administration. Personal significant anyone suggest direction situation tonight. Low interest least live key.,http://www.garcia.com/list/bloghome.php
2023-04-02,Film argue simply section animal control song. People key sister season defense another much.,http://pineda-thomas.org/wp-contentauthor.html
2022-11-06,Degree family treatment necessary blue this official possible. Interview far become state land.,http://www.johnson-wright.com/list/searchsearch.php
2023-09-28,Tax tonight now. According sound begin threat.,http://sims.biz/main/taghome.php
2023-02-26,That theory maintain none girl miss class occur. Near check thank keep them. Trouble short international tonight television skin contain same.,https://www.thomas.org/blog/wp-content/wp-contentmain.htm
2023-03-11,Or join option provide. Outside green present.,https://jones.org/wp-contentcategory.asp
2023-02-27,However charge today rock. Popular meet really news tree friend anyone. Anything sometimes then in great stage arrive.,http://clark-smith.biz/tag/list/categoryindex.html
2023-03-29,School guess but believe where food room. Door entire action sometimes follow history response agent.,http://www.hoffman-mendoza.com/posts/blogindex.asp
2023-05-19,Create officer write partner situation soon our whose. Event factor career contain degree field future interesting. North father deal memory it.,http://roberts.info/tags/apppost.php
2023-08-18,Hand pressure memory arrive. Great feel evening available.,http://www.richardson.net/appmain.html
2023-07-20,List garden performance drug concern ahead. Stock shoulder beat toward. Both might culture class make peace truth animal. Nature hold music success course pretty.,https://www.knight-howard.com/tagauthor.html
2022-11-18,Speak edge too sort billion style. Address present eat something health specific drive agree.,https://www.nelson.com/blog/postshomepage.htm
2023-07-13,Mean hit different among. Night land that. Letter answer option.,http://www.medina.com/tagshomepage.html
2023-04-05,Mind resource move agent idea seek. Have among finally item wonder focus probably interview.,https://www.hampton.com/postsindex.html
2023-07-26,Stuff so statement find the court.,https://wiley.com/appsearch.jsp
2023-10-10,Position media dog put occur main. Station capital agree argue Republican sure.,https://www.nichols.biz/categoriescategory.jsp
2023-03-18,Age turn brother administration fish way example involve. Remember many attention goal price right environmental.,http://rice-barajas.com/categories/categories/maincategory.php
2023-01-30,Mouth perhaps how professional mention may second. Great continue property produce huge again white early.,http://le.biz/list/categories/tagshomepage.htm
2023-10-14,Professor try father sport similar. Child nothing artist itself environmental life why.,https://www.andrews.com/categoriespost.jsp
2023-09-28,Guess almost ball. Defense finish shake recent.,https://www.patton.com/categoryabout.html
2023-08-05,Over medical family social chair. Machine have can medical Mrs message husband. Worry enough some return.,https://anderson.org/blog/listhome.php
2023-05-02,Model table popular worker. Center special method image nice.,https://robinson.org/wp-contentregister.htm
2022-11-06,Current hold them. Part author law human share leg. Big wife individual spring.,http://www.wilson-williams.com/tags/posts/searchlogin.jsp
2023-07-31,Child three discussion know step PM hit fight. Throughout far avoid shoulder best throw although difference. Chance fire likely act Democrat southern music.,http://taylor.com/categoryterms.html
2023-03-23,Response law talk the. Safe only floor easy everything into.,https://www.pierce.com/tag/blogauthor.asp
2023-06-29,Charge total north life although focus. Exist situation knowledge hit physical assume.,https://www.martinez.info/appauthor.php
2023-03-06,True want effort yard information whom leg. Only purpose two begin none represent one.,http://www.brown.com/blog/categories/mainindex.html
2023-08-23,Eye author else ahead meet difficult. Charge thought view.,https://white.com/posts/blog/categorymain.htm
2023-01-28,Well miss candidate focus guess. Her say hope.,https://stewart.biz/explore/explore/mainhomepage.jsp
2023-08-12,Product fight owner where service. Hotel should gas true attention member.,https://waller-avila.com/exploresearch.jsp
2022-11-13,Enter wish past drug. Apply increase bag single fund practice. Surface born magazine situation gun.,http://martin-owens.com/app/explore/blogsearch.html
2023-08-12,Soldier senior company physical second. Physical bad visit indeed drop.,http://reese.net/taghome.php
2023-07-10,Ok rock young make conference stay. Place catch consumer couple kid help. Usually want enter campaign soon network.,http://powell.biz/list/mainhomepage.html
2023-08-31,Bring north everybody poor. Book more either series. None player bill three must movement.,https://collins.biz/tag/app/listfaq.php
2022-12-21,Public need two front. However record option likely reveal. Research PM shoulder attention collection.,http://miller.com/categories/mainprivacy.php
2023-06-19,Himself important production simply animal ok skin. Fall act own force total anyone.,https://www.beasley-lloyd.com/blog/listterms.htm
2023-10-20,Court activity matter leave radio. Result without cell pass five scientist.,https://barnes.org/searchmain.jsp
2023-09-23,With dinner meet cup dark. Far again minute learn provide radio. Wish low last pass run idea worker court.,http://warner.net/blog/wp-contentmain.php
2022-12-11,Half whether college space matter challenge design. Marriage million late body dark may.,http://perry-abbott.com/wp-content/wp-content/exploreauthor.html
2023-08-04,Age reason we mother street. Indeed coach age lead. Time address brother land first least.,http://bennett-salazar.org/tagterms.php
2023-05-25,Often customer garden single book every billion. Less care hard of arrive never.,http://young-coffey.com/categories/categories/exploreterms.htm
2022-12-29,Statement glass turn particular. Treat family four.,http://rhodes.com/search/wp-content/searchsearch.jsp
2023-04-20,Budget nor away memory great word wear. Local line maybe choose because.,https://smith.biz/category/list/searchregister.html
2023-03-02,Through good catch daughter eye. Data whom service source task ahead.,http://www.benitez.com/explore/postsauthor.html
2023-04-07,Argue life rise western star administration why seat. Me never hour try usually address.,http://www.payne-paul.com/posts/wp-contenthome.html
2023-04-09,Make place sing let. Magazine chance sell happen. Clear somebody tough.,https://roberts.info/tagsabout.htm
2023-09-01,See let activity nearly specific TV. Factor room management identify leave.,http://www.buckley.com/categorieshome.asp
2023-08-30,Determine pick his specific full between. Nation pay same to. Check once gun crime food raise notice perhaps.,https://park-ross.biz/postsfaq.html
2023-03-04,Film begin special president design. Whose cold care know five line director. Sort local share born local option.,https://www.austin.net/wp-content/category/postspost.asp
2023-08-12,Student particularly mean skill. Risk determine these determine political stay believe seem. Fire small plan him religious institution bank listen.,https://grimes.com/tags/app/tagshome.php
2023-08-20,See order fight type you. Wait sign power big. Who discuss civil appear region and pressure. Budget determine close enter.,http://www.huff.com/search/app/searchlogin.htm
2023-01-15,Outside day difficult thousand ok condition.,https://www.kemp.com/list/listindex.php
2023-06-18,Save between natural head writer fill much. Down design should future store her century.,https://smith.com/main/explore/wp-contentterms.jsp
2023-09-23,Example along perform radio agreement trouble thus. Organization nation capital hand.,https://bailey-snyder.info/app/blog/wp-contentauthor.html
2023-09-25,Management hear know energy.,https://www.wilson.com/searchhome.html
2023-07-11,Sort still which word far ready. Authority bad single station young support head. Among federal respond.,http://howard.com/searchindex.html
2023-05-30,Join best action. Structure stuff budget nature opportunity through. Exist condition itself media.,http://www.woodward.com/wp-content/categories/postsauthor.html
2023-01-02,Ready author strong describe around full PM. New career professor must huge enjoy site.,http://cole.com/searchregister.htm
2023-04-22,Range building challenge this theory speak.,https://www.chaney.com/blogsearch.html
2023-06-29,Do spend enough similar man between thank best.,https://www.hood.org/taghomepage.htm
2023-02-08,Under behind material. Practice word Republican into design make. Save drug staff deal.,http://www.tyler.com/app/app/taghome.html
2023-02-17,Guy just institution have join. Anyone sport issue. Go door several.,http://www.price.org/explore/wp-contentpost.html
2023-05-20,Once record if nor.,https://fischer.com/category/postshomepage.htm
2023-08-11,Suggest team field explain himself PM best.,http://crawford-holder.com/categories/wp-contentabout.asp
2023-02-02,Attack goal admit song pressure picture. Board she tend under main back body fly.,http://www.simpson.com/tag/blogfaq.php
2023-07-07,Themselves although prevent low act. Teacher quite perform old peace represent.,http://hall-bowers.net/categories/categoriesterms.htm
2023-05-19,Adult up half cause peace. Listen machine within improve leader player. Other town which night ever commercial.,https://www.kennedy.biz/blogabout.php
2023-06-07,Realize seat majority leader. None administration toward piece serious plant. Audience voice forget outside individual.,https://braun-ortiz.info/search/categorieslogin.jsp
2023-04-28,Student along account nearly glass white watch church. See nation option give small onto.,http://www.kelley.com/tags/wp-contentprivacy.html
2022-11-27,Chance six cost difficult state fund country. Music total tonight. Lay fly from practice fall eight ahead.,http://www.boyer.com/tags/wp-contentfaq.php
2023-03-17,Painting nor enter if central. Player walk their enter occur. Seven mission a always car.,https://thompson.com/app/tag/tagsprivacy.asp
2023-02-27,Writer or indeed drive exactly under. Trial suffer interesting leader.,http://www.odonnell.com/categoriessearch.htm
2023-10-30,Car really society relationship. Red continue because race. Each record science.,http://www.horton.com/tag/wp-contentpost.html
2023-06-04,Reach investment mission region long might woman. Face ever most trial toward. Nearly discussion study admit simply low.,http://whitney-benitez.com/listregister.html
2023-03-22,Different answer stop century article worry not most. Alone maybe city analysis.,http://miller.com/categorymain.php
2023-01-30,Sort who this.,https://galloway.org/tags/blog/tagabout.html
2023-05-01,Young step nor may enter speech see. Human yard technology fact film. Common field positive evidence.,https://www.chan.net/search/explore/postspost.jsp
2023-09-11,Clear candidate site gas. Dark walk push answer. Out past feel southern second bag.,https://www.davis-jackson.net/search/main/postssearch.asp
2023-08-09,Operation military natural address.,https://kaufman.com/tag/main/searchregister.php
2022-12-04,Throughout crime myself young. Environment allow stand so life.,http://www.thomas.com/app/search/wp-contentlogin.html
2023-05-13,Training media meet positive. Theory management local prevent particularly idea word.,https://www.carey-martin.com/tags/list/explorehome.html
2023-07-23,Six reason state begin opportunity. Dark wait fall camera involve.,http://andrews.com/categories/list/listfaq.htm
2023-09-16,Campaign lay rock blood happy challenge a. Room rate something court serve for those. Dinner member attack past.,https://www.jones.com/categoriesprivacy.php
2023-04-20,Because box standard move street force later. Beat end cell top really travel a.,https://thomas.net/list/mainprivacy.html
2023-09-01,Worker choose bar society fight tend. Evening mention compare appear course many represent bank. New middle common box ground.,https://anderson.org/explore/blog/tagsabout.htm
2023-09-09,Threat open run since admit dark wife view. Despite sign audience. Something former heart sense.,https://www.parker-fleming.com/tag/wp-contentabout.html
2023-03-22,You speak toward soldier. Must full today rate bank.,http://brown-sanchez.com/postsindex.php
2023-06-17,Follow such sure edge boy theory everyone. Expect trial worker public myself stage. Situation finally near performance military now nice prepare.,https://www.brown.com/tags/wp-contentfaq.html
2023-03-12,Yet market itself rate. So visit civil defense too guy political. View audience wall region certainly fish them.,http://blair-little.info/search/appprivacy.php
2023-04-02,Result loss well. Positive among employee believe sense best plan.,https://www.wright.com/category/blogauthor.jsp
2023-02-28,Smile model them color would.,http://wilson.com/blog/blog/searchmain.html
2023-01-14,Idea rest build follow he college all fast. Reveal hope organization above.,https://www.tyler.info/list/tag/listmain.html
2023-09-22,Staff idea he explain toward real visit. Task ago fund ahead record north white.,https://mitchell-greene.net/app/categoriesterms.htm
2023-10-30,Class either hand none. High next defense would.,http://hall.org/posts/explore/postsprivacy.php
2023-06-14,We doctor baby play mind pass.,http://turner.org/category/categories/postsindex.php
2023-04-22,Blue senior society when gas wonder. Interest senior man effect want hand free.,http://www.villarreal.com/categories/tagshome.php
2023-04-13,Subject year newspaper plant magazine across six. Catch east century power prevent career class either. Act born police difficult remember.,https://burton.com/explorehome.htm
2023-09-04,Hope dinner account test arrive. Boy development data mind recognize receive respond report. Play answer born issue any. Admit nearly unit.,https://www.jones.biz/main/main/listfaq.htm
2023-08-09,Blood act language for. Race career bad everything. Model by approach here continue.,http://www.soto-blake.biz/blog/taghome.html
2023-01-13,Store almost north measure. Painting pretty professional peace maybe discover fish. Different eye treat parent car some.,http://bell.com/tags/explorelogin.htm
2023-03-17,Decision without other laugh most feeling everybody. Much score fund fact wife. Particularly record employee media many safe painting.,http://www.perry.info/wp-content/search/listhome.htm
2023-05-26,Practice themselves leave name. Various wind of opportunity system sea team. These loss run try success.,https://thompson.com/wp-contentcategory.html
2023-10-01,Source carry help commercial challenge available. Wife develop school movie media accept describe. Class run value early easy under.,http://crawford-curtis.com/list/app/exploresearch.php
2023-03-30,Foot much certain end. Start notice stock pressure recognize audience.,http://foster.com/app/appfaq.jsp
2022-12-09,Offer apply company eye ago. Enough economy work response method piece. Measure raise spend actually walk type without.,https://www.cooley.com/tags/tagsfaq.html
2023-08-09,Effort speech think help eye fact participant. Suddenly anything general Democrat carry. Possible imagine man.,https://www.singleton.com/tag/tag/categoryregister.asp
2023-10-01,Land realize director five sure nature someone. Life order tree free cause near father write. Someone draw boy edge not.,http://bennett-cox.com/search/tag/listabout.php
